id;universite;created
9;IST;17/06/2016 15:17
2;ASJA;16/06/2016 10:04
3;IFT;16/06/2016 10:05
4;ISPM;16/06/2016 10:04
5;Polytechnique vontovorona;16/06/2016 10:04
6;Programme Mahefa;16/06/2016 10:05
8;Polytechnique ;16/06/2016 10:22
10;Formation de formateur;23/06/2016 12:17
11;Farimbona Antsirabe ;17/06/2016 08:42
12;Lycée privée Antsiranana;17/06/2016 09:32
13;FJKM Fenoarivo;17/06/2016 10:11
14;CEG Fenoarivo;17/06/2016 11:26
15;Harvard;23/06/2016 12:17
16;UCM;17/06/2016 13:35
17;Lycée Privée Catholique Masina Maria Mpanampy;20/06/2016 07:37
18;IS INFO;20/06/2016 07:55
19;Lycée Jules Ferry;20/06/2016 10:54
20;InATA ;23/06/2016 12:17
21;ACEEM;20/06/2016 11:07
22;InATA sécurité;20/06/2016 11:13
23;INSCAE;20/06/2016 11:22
24;CFEI Antsahabe;20/06/2016 14:31
25;Lycée Andohalo;23/06/2016 07:59
26;CFEI Antsahavola;23/06/2016 08:04
27;Lycée;24/06/2016 07:06
28;EST;24/06/2016 07:06
29;UTS;02/09/2016 07:13
30;universite;02/09/2016 07:26
31;Jean renoir;05/09/2016 13:59
32;ankatsoa;30/09/2016 09:45
33;UNIVERSITE ANTANANARIVO;09/11/2016 13:21
34;UNIVERSITE D'ANTANANARIVO;09/11/2016 13:21
35;COLLEGE SAINT FRANCOIS XAVIER ANTANANARIVO;09/11/2016 13:21
36;E-bit;12/12/2016 08:04
37;IS-INFO;12/12/2016 08:04
38;;12/12/2016 12:59
39;Lycée Moderne Ampefiloha;12/12/2016 15:09
40;IT UNIVERSITY;14/12/2016 09:01
41;LTPGCM;14/12/2016 09:01
42;IMGAM;14/12/2016 12:48
43;Université Ankatso;14/12/2016 12:48
44;Lycée Victor Miadana;14/12/2016 12:48
45;;14/12/2016 13:58
46;IESTIME;20/12/2016 17:47
47;TOP INFORMATIQUE;03/01/2017 12:55
48;IMGAM IVANDRY;05/01/2017 14:03
49;Institut Supérieur en Informatique(IS INFO);08/01/2017 06:21
50;Institut Supérieur de Technologie d'Antsiranana;10/01/2017 14:43
51;IS-info Ampasamadinika;11/01/2017 12:37
52;CNELA Antsahabe;11/01/2017 13:10
53;Lycée Technique d'Alarabia;11/01/2017 13:10
54;Ecole Supérieure Polytechnique D'Antsiranana;11/01/2017 16:32
55;BTS/LTC;12/01/2017 09:30
56;Lycée Technique d'Alarobia;12/01/2017 13:39
57;ankatso;12/01/2017 13:46
58;CNAM;13/01/2017 05:59
59;E-media;17/01/2017 09:53
60;ESCAME;17/01/2017 17:20
61;ENI Université de Fianarantsoa;18/01/2017 15:06
62;lycee sileny paul manakara;18/01/2017 17:13
63;Université de Toamasina;18/01/2017 17:22
64;CFRH;18/01/2017 17:22
65;Inspection du travail;18/01/2017 17:22
66;candidat libre;18/01/2017 17:27
67;CNTEMAD;18/01/2017 17:27
68;ESSCA;19/01/2017 08:38
69;Jules Ferry;19/01/2017 11:24
70;Instituts de formation technique;19/01/2017 16:50
71;Institut National de Promotion et de Formation (INPF Ivato;20/01/2017 08:25
72;CNTMAD (Télé- enseignement);20/01/2017 08:25
73;ASECNA;20/01/2017 08:25
74;Université de Fianarantsoa;22/01/2017 09:46
75;Lycée privé la Clairefontaine;22/01/2017 10:43
76;ISIME;23/01/2017 08:27
77;collège RASALAMA;24/01/2017 11:38
78;CNELA;24/01/2017 11:38
79;IMT ANTANIMENA;25/01/2017 06:26
80;Université Catholique de Madagascar;25/01/2017 08:57
81;Institution Sainte Famille;25/01/2017 08:57
82;Institut de Formation en Tourisme;25/01/2017 09:28
83;INFOCENTRE De LA Salle sise à Soavimbahoaka;25/01/2017 16:49
84;Andrainjato;26/01/2017 11:03
85;IST Antananarivo;27/01/2017 15:34
86;Antananarivo;30/01/2017 08:33
87;;30/01/2017 09:17
88;UPRIM MADAGASCAR;01/02/2017 09:10
89;INFOTOUR;01/02/2017 14:08
90;ISCAM;01/02/2017 15:48
91;I.M.T.;02/02/2017 12:07
92;Ecole Normale Supérieur Université de Fianarantsoa;03/02/2017 15:52
93;BIANCO Fianarantsoa;03/02/2017 15:52
94;MADVISION Fianarantsoa;03/02/2017 15:52
95;Lycée Isorana;03/02/2017 15:52
96;LJJR ;06/02/2017 09:48
97;Bit Formation Tsiadana Antananarivo;06/02/2017 11:41
98;Lycee fandriana;08/02/2017 15:33
99;EESDEGS Ambohitsaina;08/02/2017 15:33
100;cerf armi;08/02/2017 15:33
101;Institut Ssupérieur Spécialisé en Informatique et en Gestion (ISSIG);13/02/2017 09:38
102;LTC Ampefiloha;13/02/2017 09:38
103;institut superieur brillant school;13/02/2017 09:45
104;CNTEMAD Ankadifotsy ;13/02/2017 10:13
105;IEFPA ACEEM ;13/02/2017 11:34
106;Le Flambeau de Madagasar;13/02/2017 11:34
107;Ecole Supérieure Polytechnique D'Antananrivo;13/02/2017 12:09
108;Ecole Supérieure Polytechnique D'Antananarivo;13/02/2017 12:09
109;L. A. R. A;13/02/2017 12:09
110;Aditech;13/02/2017 12:09
111;E.C.A;13/02/2017 12:09
112;Lycée Sainte Thérèse Andasibe Ampefy, ISM Advancea;13/02/2017 13:37
113;lycée ampitatafika;13/02/2017 13:44
114;ESTIIM’;13/02/2017 13:44
115;ISM ADVENCEA;13/02/2017 13:44
116;Lycée Privée Stella Maris (Toamasina);14/02/2017 13:13
117;;14/02/2017 13:30
118;Ecole Supérieure Sacré Coeur Antanimena;15/02/2017 09:24
119;Université de le Réunion;15/02/2017 10:06
120;INSCO University;16/02/2017 14:54
121;ny loharano;17/02/2017 11:33
122;UPRIM;17/02/2017 11:33
123;UNFPA;17/02/2017 11:33
124;CNTMAD (Télé- enseignement) Ankadifotsy;18/02/2017 18:38
125;ELIT;21/02/2017 16:18
126;IMH;25/02/2017 21:09
127;IESTIME Antaninandro;26/02/2017 00:26
128;CFAC Saint François Xavier Antanimena;26/02/2017 19:28
129;Top Info Manjakaray;27/02/2017 07:24
130;Ecole Andrianarisoa;27/02/2017 07:24
131;Lycée Saint Joseph Antsirabe;27/02/2017 15:08
132;Tactinfo;28/02/2017 08:51
133;Athénée Saint Joseph Antsirabe (ASJA);28/02/2017 09:12
134;ST FAMILLE MAHAMASINA;28/02/2017 14:08
135;IPEC ;28/02/2017 14:27
136;COLLEGE CHRIST ROI MANJAKARAY;28/02/2017 16:14
137;ESNIG;28/02/2017 17:01
138;Microsoft;28/02/2017 17:01
139;Oracle Afrique;28/02/2017 17:01
140;Oracle Suisse;28/02/2017 17:01
141;Wall Street Institute ;28/02/2017 17:01
142;EF International School of Languages;28/02/2017 17:01
143;FAC DEGS TOLIARA;01/03/2017 09:24
144;LYCEE ANTSOHIHY;01/03/2017 09:24
145;ISCaMen;01/03/2017 10:09
146;Centre Ecologique de Libanona Tolagnaro (CEL);01/03/2017 10:57
147;zo hasina anosizato;02/03/2017 07:25
148;inspnamad boeny;02/03/2017 07:50
149;ISETS;02/03/2017 10:04
150;BIT Formation;02/03/2017 16:08
151;InSM;03/03/2017 09:01
152;Lycée Technique RLG Manjakaray Antananarivo;03/03/2017 09:04
153;Lycee privé Lorrier ;03/03/2017 16:16
154;ICI;03/03/2017 16:16
155;Université Tananarive ;06/03/2017 11:01
156;IEF ACEEM;06/03/2017 15:08
157;Le Petit Nid;06/03/2017 15:08
158;ISSEG (Institut Supérieur en Science de l'Environnement et de Gestion;07/03/2017 13:03
159;LYCEE ANDRE RESAMPA ANTSIRABE;07/03/2017 13:12
160;Centre de formation et d'application du Machinisme Agricole;07/03/2017 13:29
161;LTP Alarobia;07/03/2017 14:09
162;ESPA Diego;07/03/2017 14:09
163;Université Privée ACEEM ANTANANARIVO;07/03/2017 15:05
164;universite privée E-tec;07/03/2017 15:36
165;Faculté DEGS Ankatso Antananarivo;08/03/2017 14:29
166;Arpège Beauty School / IPAC;08/03/2017 14:29
167;Université Adventiste Zurcher;08/03/2017 16:00
168;inspnmad;09/03/2017 10:11
169;Université ACEEM;09/03/2017 12:11
170;IST-D;10/03/2017 09:26
171;Collège Saint Michel ;10/03/2017 14:53
172;IMGAM/FSSP;10/03/2017 15:08
173;ISF;11/03/2017 09:05
174;IUM;11/03/2017 13:09
175;LTC;13/03/2017 10:59
176;Info Club Isoraka;13/03/2017 16:23
177;Collège privé Laurier Andoharanofotsy;13/03/2017 16:28
178;Collège privé La source Claire Andoharanofotsy;13/03/2017 16:29
179;Université Mirail;13/03/2017 16:37
180;Institut Supérieur Spécialiser en Informatique et en Gestion à Soavimbahoaka;14/03/2017 06:16
181;Université de sciences sociales;14/03/2017 07:28
182;ELI;14/03/2017 08:11
183;collège;14/03/2017 08:11
184;Institut Supérieur de Technologie d'Alaotra Mangoro;14/03/2017 08:18
185;SOFT FORMATION ET DEVELOPPMENT;14/03/2017 09:14
186;Lycée Razafindrabe Victorien ;14/03/2017 15:28
187;collège saint joseph de cluny;15/03/2017 15:25
188;collège saint françois xavier;15/03/2017 15:27
189;alliance française Andavamamba;15/03/2017 15:38
190;lycée le flambeau de madagascar ;15/03/2017 16:03
191;faculté DEGS de l'université d'Ankatso;15/03/2017 16:06
192;SEC;16/03/2017 11:08
193;saint joseph mahamasina;16/03/2017 14:12
194;ESCA;19/03/2017 18:00
195;collège MGR Ramarosandratana ;20/03/2017 07:20
196;ICAME(Insitut of car mecanic);20/03/2017 09:21
197;lycee privee ideal;20/03/2017 09:21
198;Lycée Arcade;20/03/2017 12:19
199;université d'Ankatso;20/03/2017 12:35
200;Centre Don Bosco ;20/03/2017 12:40
201;kentia;20/03/2017 13:22
202;Institut Supérieur Polytechnique de Madagascar (ISPM);21/03/2017 08:05
203;IMGAM IVANDRY, Universite d'Antanarivo Ankatso;21/03/2017 17:09
204;CEG Rue Radama;22/03/2017 08:52
205;LTP privé Poincaré;22/03/2017 09:01
206;Lycée privé ACEEM;22/03/2017 09:12
207;Alpha school ;22/03/2017 15:55
208;Agence Universitaire Francophone;22/03/2017 15:57
209;CNEAGR NANISANA;22/03/2017 18:24
210;LMA;22/03/2017 20:32
211;lycée privé saint joseph;23/03/2017 07:33
212;Colège FJKM Antanisoa Miarinarivo;24/03/2017 07:16
213;Lycée Andoharanofotsy;24/03/2017 07:19
214;universite Antananarivo- CNTEMAD- AS DES;24/03/2017 11:44
215;UNIVERSITE D'ANTANANARIVO, CNTEMAD, ESDES;24/03/2017 11:50
216;marovoay;25/03/2017 12:18
217;MDF Isoraka;27/03/2017 09:57
218;NILMARPROD;27/03/2017 13:49
219;GRENE;28/03/2017 07:20
220;Institut Universitaire de Madagascar;28/03/2017 09:58
221;HECMMA;28/03/2017 10:41
222;lycee privee RANAIVOSOA;28/03/2017 15:17
223;ESMIA;28/03/2017 23:44
224;CNAPS;30/03/2017 08:06
225;M E D;30/03/2017 08:06
226;UNIVERS INFO;30/03/2017 09:25
227; Universite d'Antanarivo Ankatso;30/03/2017 09:34
228;lycée Marovoay;30/03/2017 09:36
229;Centre de formation;30/03/2017 10:05
230;SINUS;30/03/2017 11:43
231;MRE;30/03/2017 11:43
232; CNTEMAD;30/03/2017 11:51
233;ONG ACDM;30/03/2017 11:55
234;Lycée privé moderne Ankaraobato;30/03/2017 11:58
235;Département de la formation des techniciens supérieurs Alarobia;30/03/2017 14:54
236;Lycée technique professionnel Alarobia;30/03/2017 14:56
237;Ma-Vita;30/03/2017 15:24
238;LABORO;31/03/2017 09:04
239;Lycée privé Ranaivosoa;31/03/2017 09:05
240;CPE;31/03/2017 09:21
241;EFARC;31/03/2017 09:35
242;GSI;31/03/2017 09:50
243;Collège St Etienne Ambanidia;31/03/2017 10:00
244;ESSVA Antsirabe;31/03/2017 13:10
245;Lycée J.J Rabearivelo;31/03/2017 13:52
246;KENTIA SARL;31/03/2017 14:26
247;Groupe PIGIER;03/04/2017 08:12
248;Lycée privé Stella Maris;03/04/2017 08:26
249;USA;03/04/2017 09:42
250;Lycée LRN;03/04/2017 10:03
251;I-TECH;03/04/2017 10:05
252;BMR Besarety;03/04/2017 10:06
253;IS-IESI;03/04/2017 11:16
254;CSPJ Tanjombato;03/04/2017 11:31
255;Institut supérieur de l'entrepreneuriat et du commerce;03/04/2017 11:51
256;Chambre de commerce de la France Ankorondrano;03/04/2017 11:52
257;Isoraka;03/04/2017 11:54
258;Collège St François Xavier;04/04/2017 06:18
259;Universite d Antananarivo;04/04/2017 08:20
260;Spoken English Course;05/04/2017 08:39
261;Collège protestante ;05/04/2017 08:56
262;ENI;05/04/2017 09:16
263;Parc des Princes;05/04/2017 09:17
264;English Language Institute;05/04/2017 09:27
265;Ecole Nationale d'Informatique (ENI);05/04/2017 12:59
266;E-TEC;05/04/2017 15:19
267;Centre de Formation en Electronique et Informatique;05/04/2017 15:21
268;Lycée Jean Laborde Mantasoa;05/04/2017 15:21
269;Saint Michel Itaosy;06/04/2017 07:37
270;Cours ACEEM;06/04/2017 15:16
271;Lycée St Antoine;06/04/2017 15:39
272;Institut de Formation Technique;06/04/2017 18:51
273;Cntemad / Uprim;09/04/2017 09:23
274;SFX;10/04/2017 09:39
275;Lycee Nanisana;11/04/2017 08:39
276;ITEM;11/04/2017 08:39
277;YOUTH FIRST;11/04/2017 08:39
278;ONG dinika Union Europeenne;11/04/2017 08:39
279;Conservatoire National des Arts et Métiers;12/04/2017 06:40
280;Lycée Maria Manjaka;12/04/2017 06:41
281;Lycée Raherivelo Ramamonjy;12/04/2017 06:52
282;CFP E-Media;13/04/2017 09:09
283;Saint Jean Bosco;14/04/2017 13:56
284;ERD BEHORIRIKA;15/04/2017 10:48
285;ISFC;15/04/2017 16:42
286;Université Ankatso Antananarivo;18/04/2017 13:54
287;ISSSG;19/04/2017 07:21
288;Université de Tananarive;19/04/2017 08:15
289;DIFP Université d’Antananarivo ;19/04/2017 16:25
290;barika V;20/04/2017 09:48
291;IS IESI Manjakaray;20/04/2017 13:08
292;LTP Antsirabe;20/04/2017 13:56
293;Lycée privé Antsiranana;20/04/2017 14:40
294;Openclassrooms.com;20/04/2017 18:04
295;lycee privee saint jean antsiranana;22/04/2017 14:30
296;ESSCA Antanimena;22/04/2017 16:38
297;Saint Louis Betafo;24/04/2017 09:23
298;IT UNIVERSITY - Université de Nice Sophia Antipolis;24/04/2017 09:41
299;EUROI;24/04/2017 11:39
300;Institut de Leadership Chrétien;24/04/2017 11:59
301;Lycée Sacré Coeur Anosia ;24/04/2017 12:01
302;ICAM;25/04/2017 09:32
303;Saint François Xavier;26/04/2017 06:56
304;Institution Sainte Famille Mahamasina;26/04/2017 08:04
305;ONG ACDM BEHORIRIKA;26/04/2017 08:24
306;ICI ISORAKA;26/04/2017 08:31
307;LYCEE PRIVE ANDRIANINA AMBOLOKANDRINA;26/04/2017 08:36
308;Institut Supérieur de Technologie d'Antananarivo;26/04/2017 08:39
309;Lycée Technique Commerciale Ampefiloha;26/04/2017 08:39
310;med;26/04/2017 13:32
311;ESSGaM;26/04/2017 13:36
312;CEFOR;27/04/2017 06:18
313;ankatso Antananarivo;27/04/2017 06:38
314;Banque Mondiale de Madagascar;27/04/2017 06:38
315;MDS CANADA;27/04/2017 06:38
316;IUGM;27/04/2017 07:00
317;Lycée privée Notre Dame;27/04/2017 07:00
318;NDA Mahitsy;27/04/2017 08:32
319;IFPA Aceem;27/04/2017 08:44
320;Université privée de madagascar;27/04/2017 10:18
321;University of PARIS XIII;28/04/2017 10:39
322;University of BORDEAUX I;28/04/2017 10:39
323;Lycée Michel Montaigne;28/04/2017 10:39
324;Lycée Saint François Xavier;28/04/2017 11:41
325;Lycée Français de Tamatave;29/04/2017 12:39
326;Université de Picardie Jules Verne;29/04/2017 12:39
327;Centra National du Télé-Enseignement de Madagascar;29/04/2017 12:39
328;Ifen au Havre;30/04/2017 20:02
329;INSCAE  67ha, Antananarivo 101;01/05/2017 13:48
330;UNIECO - Formation à distance;01/05/2017 13:48
331;Ecole des Frères Soavimbahoaka;01/05/2017 13:48
332;Faculté DEGS Ankatso ;02/05/2017 11:44
333;SHERRIT;02/05/2017 15:40
334;NEWREST;02/05/2017 15:40
335;PARAMEDIC SOS;02/05/2017 15:40
336;SNC LAVALIN ;02/05/2017 15:40
337;ERD;03/05/2017 12:12
338;Lycée Technique Professionnel Beravina;04/05/2017 08:17
339;Lycée Sacré Anosisoa;04/05/2017 09:45
340;IFAGI;04/05/2017 09:54
341;lycee philibert tsiranana;04/05/2017 12:02
342;JCI Mahajanga;04/05/2017 12:02
343;CROUSTIPAIN;05/05/2017 06:22
344;Alliance Française;05/05/2017 06:41
345;JPM FORMATION, ETUDE ET CONSEIL CARMEN EDUCATIVA;05/05/2017 06:43
346;ETS SAINT MICHEL AMPARIBE  ;05/05/2017 09:39
347;Auccun;06/05/2017 13:49
348;RLG ;07/05/2017 14:29
349;LTPN;08/05/2017 07:08
350;Lycée Catholique Saint Antoine;08/05/2017 08:55
351;Ecole Normale Supérieure Ampefiloha;08/05/2017 10:16
352;POLYTECHNIQUE D'ANTSIRANANA;09/05/2017 08:03
353;UNIECO Formation à Distance;09/05/2017 09:42
354;JCI;09/05/2017 12:19
355; Chambre de Commerce et d'Industrie d'Antananarivo;09/05/2017 14:58
356;Ecole Nationale de l'Informatique (ENI);10/05/2017 07:21
357;Lycée Laurent Botokely;10/05/2017 07:22
358;ISM;10/05/2017 14:14
359;CFP Antaninandro;10/05/2017 14:14
360;Orange Business School  OBS;10/05/2017 14:50
361;Welcom center;10/05/2017 14:50
362;Tananarivo Business shool;10/05/2017 14:50
363;LEADER INFO;10/05/2017 14:50
364;CUR ANKATSO;11/05/2017 07:57
365;INSTITUT DE MANAGEMENT ET GESTION APPLIQUE;12/05/2017 09:03
366;Institut Supérieur des polytechniciens Novateurs de Madagascar;12/05/2017 09:16
367;Faculté DEGS Andrainjato Fianarantsoa;14/05/2017 20:28
368;arcade;15/05/2017 07:25
369;FDC Behoririka;15/05/2017 10:00
370;LYCEE LE PILLIER ;16/05/2017 09:50
371;Université privé d'Antsirabe;16/05/2017 09:50
372;Saint Vincent de Paul Ambatonilita;16/05/2017 11:05
373;Institut de Formation Technique (IFT) ANTANANARIVO;16/05/2017 19:52
374;ESPIC;22/05/2017 14:18
375;Lycée St Laurent;23/05/2017 08:55
376;EPP;23/05/2017 09:31
377;MDF;23/05/2017 09:42
378;Lycée Cathholique Saint vincent de Paul;23/05/2017 14:40
379;St Michel Itaosy;26/05/2017 12:41
380;Institut Supérieur Saint Michel Itaosy;26/05/2017 12:41
381;LTPGC Mahamasina;26/05/2017 17:27
382;Institut Supérieur Polytechnique des Novateurs de Madagascar INSPNMAD;29/05/2017 12:39
383;;29/05/2017 14:48
384;MARSEILLE;30/05/2017 13:52
385;Paris Sorbonne;30/05/2017 13:52
386;Université de Fianaranstoa;30/05/2017 17:42
387;LTP Fianarantsoa;31/05/2017 07:19
388;PENSER Madagascar;31/05/2017 07:19
389;Endress-Hauser;31/05/2017 08:26
390;CFA Ambatovy;31/05/2017 08:26
391;Polytechnique de Diègo-Suarez;31/05/2017 08:59
392;ISSUP;31/05/2017 09:13
393;Village d'enfant Vontovorona;31/05/2017 12:48
394;ESPOIR;31/05/2017 15:15
395;ESPA;02/06/2017 08:12
396;NORAD/BIT Antsirabe;02/06/2017 08:12
397;ASJA (Athénée Saint Joseph Antsirabe);02/06/2017 10:24
398;Lycée technique et professionnel Alarobia;02/06/2017 10:24
399;GSI Analakely;06/06/2017 06:27
400;CNTEMAD Ambatondrazaka;06/06/2017 15:06
401;IESTIIM;07/06/2017 09:23
402;Ecole Nationale d'Informatique de Fianarantsoa;07/06/2017 14:14
403;EPSI Fanantenana;09/06/2017 11:16
404;Lycée Analamahitsy;09/06/2017 12:42
405;Collège Adventiste Fianarantsoa;10/06/2017 10:10
406;ETS St Michel Amparbe;10/06/2017 12:43
407;LJRA ;10/06/2017 17:42
408;réseau plus Madagascar;10/06/2017 17:42
409;IFELP ANOSY;13/06/2017 07:54
410;USTHB;14/06/2017 10:43
411;Morondava;14/06/2017 11:44
412;GSI Madagascar;14/06/2017 14:38
413;Barikadimy;14/06/2017 15:08
414;CP FJKM M/ga;14/06/2017 15:35
415;EMIT université de Fianarantsoa;14/06/2017 19:34
416;Université de Majunga;15/06/2017 08:11
417;Paul Minault;16/06/2017 07:56
418;Université d' Antananarivo ;16/06/2017 08:34
419;SFD;16/06/2017 09:58
420;Antsiranana;16/06/2017 15:14
421;Polytechnique d'Antananarivo;17/06/2017 14:42
422;Saint Michel Amparibe;17/06/2017 14:42
423;CNTEMAD Antsirabe;18/06/2017 14:01
424;transcription médical;19/06/2017 08:47
425;Société Salone;19/06/2017 08:47
426;ISTE Fianarantsoa;19/06/2017 10:29
427;ETS St Michel Amparibe;19/06/2017 13:51
428;Mahajanga;19/06/2017 14:56
429;CGM (Centre Germano-Malagasy);19/06/2017 19:23
430;IFT Antananarivo;19/06/2017 19:52
431;Condorcet;20/06/2017 12:27
432;Condocet;20/06/2017 12:27
433;Lycée technique Condorcet;20/06/2017 12:27
434;gestion;21/06/2017 07:15
435;universite toamasina;21/06/2017 07:15
436;Lycée rakotoarisoa Ambositra;21/06/2017 14:01
437;Teknet Group;21/06/2017 14:22
438;Centre germano Malgache Analakely;22/06/2017 08:40
439;Fo Masin' i Jesoa (FMJ);22/06/2017 09:01
440;PROMES/ Programme SESAME;22/06/2017 09:01
441;Blanche Birger de Madagascar (B.B.M);22/06/2017 11:33
442;Institut de Gemmologie d'Antananarivo (I.G.A);22/06/2017 11:33
443;Centre de Formation en Commerce International et Concurrence (C.F.C.I.C);22/06/2017 11:33
444;Jean-Philippe Mas Formation,études et conseil;22/06/2017 11:33
445;IMGAM/FPAEC;22/06/2017 14:24
446;formation online;22/06/2017 14:42
447;C-STAR;23/06/2017 09:38
448;LYCEE D'ENSEIGNEMENT GENERAL;23/06/2017 09:38
449;LYCEE EJEDA;23/06/2017 12:22
450;Lycée le Défi;27/06/2017 10:12
451;Lycée technique professionnel Antsirabe;27/06/2017 11:29
452;LTP Aceem;28/06/2017 06:41
453;BBM (Blanche Birger Madagascar);28/06/2017 07:24
454;Lycée fianarantsoa;28/06/2017 07:38
455;FAC DEGS Ankatso;28/06/2017 10:13
456;Collège Saint Louis III Manakambahiny;28/06/2017 12:01
457;LTP GCM;28/06/2017 14:01
458;CENTMAD;28/06/2017 14:33
459;ASSURANCE NY HAVANA 67 Ha;29/06/2017 06:02
460;LA SOURCE ANJANAMASINA;29/06/2017 11:28
461;Univers Informatique;29/06/2017 13:38
462;ISMATEC Antanimena;29/06/2017 14:10
463;LEG Arivonimamo;29/06/2017 15:14
464;Université d'Antananarivo Faculté D.E.G.S.;29/06/2017 21:04
465;BTS/LTC Ampefiloha;01/07/2017 13:33
466;CNTEMAD Antananarivo;03/07/2017 08:16
467;Université Catholique;03/07/2017 13:46
468;67 ha Antananarivo;03/07/2017 14:40
469;Bit Info Tsiadana;04/07/2017 09:31
470;antanarivo;04/07/2017 13:41
471;IMDFFF;04/07/2017 14:01
472;collège Lasalle Montrèal;04/07/2017 14:16
473;UNIVERISTE ANTANANARIVO;05/07/2017 06:58
474;CNETMAD;05/07/2017 06:58
475;Lycée technique d'Ambatondrazaka;05/07/2017 08:15
476;FPTI Ankadifotsy;05/07/2017 08:15
477;Lycée Farimbona;05/07/2017 10:46
478;Lycée Privé Farimbona;05/07/2017 10:54
479;EMMIR CONSULTING;07/07/2017 08:45
480;IST DIEGO;07/07/2017 12:25
481;ESP BIG Behoririka;08/07/2017 08:15
482;Oracle University;08/07/2017 10:14
483;Centic-Mada;10/07/2017 08:11
484;RENEL RAKOTOBE;10/07/2017 09:32
485;EMIR Consulting ;11/07/2017 08:40
486;I N T H;11/07/2017 08:48
487;Conservatoire National des Arts et Métiers.PARIS;11/07/2017 09:28
488;FPU Fianarantsoa;11/07/2017 14:10
489;INTH;11/07/2017 14:47
490;Lycée Gallieni Andohalo Antananarivo;11/07/2017 15:12
491;LARA ;11/07/2017 15:18
492;CTS MAHAMASINA;13/07/2017 11:18
493;ASFOR;13/07/2017 14:10
494;Orion;13/07/2017 14:42
495;UPRIM MADAGASCAR/ACEEM/CEFOR ;14/07/2017 12:57
496;Wamy, INTH;14/07/2017 13:43
497;AMBOHITSAINA;14/07/2017 14:11
498;Lycée Moramanga;17/07/2017 08:42
499;Imgam fpaec;20/07/2017 11:12
500;ST Jean Bosco;20/07/2017 16:19
501;Autodidacte;21/07/2017 07:24
502;ISIME Behoririka;21/07/2017 13:41
503;ACCEM;24/07/2017 11:14
504;ISGIE;24/07/2017 11:29
505;Centre d'Etude Diplomatique et Stratégique (CEDS);24/07/2017 22:06
506;ANAKEEN;24/07/2017 22:06
507;CARPIGIANI UNIVERSITY;26/07/2017 09:15
508;Lycée Ambohidratrimo;26/07/2017 12:35
509;ISM Advancea;26/07/2017 13:01
510;;27/07/2017 07:55
511;lycée privée LA SOURCE;27/07/2017 08:55
512;Université de EVRY;27/07/2017 11:43
513;Lycée technique professionnel Ampasapito;27/07/2017 20:08
514;College Moderne d'Ankaraobato;27/07/2017 20:08
515;Institut National de Tourisme et d'Hôtellerie;28/07/2017 07:53
516;Université Catholique de Lyon;28/07/2017 09:27
517;Université d’Antananarivo;29/07/2017 14:33
518;Sup’Info Dakar;29/07/2017 14:33
519;ECOLE RAZANAMPARANY ANALAKELY;01/08/2017 12:39
520;ESCA antanimena;02/08/2017 13:40
521;universite DE TOLIARA;03/08/2017 07:06
522;CENTRE DE FORMATION DOUANES ANTANANARIVO;03/08/2017 07:32
523;Privée;03/08/2017 11:29
524;Hay Target / Université privée Americaine;03/08/2017 11:43
525;Univesité de Mahajanga;03/08/2017 21:27
526;Chambre de Commerce de Fianarantsoa;04/08/2017 13:51
527;ankatso et IFT;06/08/2017 14:15
528;st vincent de paul;08/08/2017 07:18
529;Collège Saint Philippe et Jacques;08/08/2017 13:16
530;Lycée Technique Privé La Source;09/08/2017 09:57
531;MADA 7+7;09/08/2017 13:44
532;ESPA Vontovorona;09/08/2017 13:50
533; Lycée Gallieni;09/08/2017 15:03
534;Education nationale de la recherche de la culture et des arts;09/08/2017 15:15
535;stella maris tamatave;10/08/2017 08:50
536;Institute of Management Technology;11/08/2017 12:50
537;Armis;11/08/2017 15:01
538;E.N.I Fianarantsoa;12/08/2017 13:33
539;Toamasina;14/08/2017 12:25
540;Universite de la Reunion;16/08/2017 07:57
541;CFRH Institute;16/08/2017 07:57
542;ISGEI;17/08/2017 11:16
543;UNIVERSITE DE SFAX;17/08/2017 13:51
544;Chevrollier;17/08/2017 14:08
545;ETEC FARAVOHITRA;18/08/2017 08:54
546;Mec-Auto;18/08/2017 14:19
547;Lycée Technique  ;18/08/2017 14:32
548;Lycée Saint Paul Morondava;18/08/2017 14:49
549;CNTEMAD.Droit;19/08/2017 13:13
550;Fiangonana Loterana Malagasy;21/08/2017 12:36
551;en Sciences Economiques;21/08/2017 13:50
552;INCC;21/08/2017 14:03
553;IEFP ACEEM ;21/08/2017 14:57
554;Université ACEEM Manakambahiny;22/08/2017 06:49
555;Univesrité d'Anatananarivo;22/08/2017 07:33
556;Centre des Techniques et Pratiques en Commerce International (CTPCI);22/08/2017 08:18
557;"IHEC ""Sekoly RAZANAMAMPARANY";22/08/2017 13:23
558;Ministère de Commerce et de l'Industrie, La Direction de l'Artisanat et de l'Agence Française de Dévéloppement;22/08/2017 14:05
559;Faculté des lettreS et science humaine ANTANANARIVO ;23/08/2017 12:00
560;GENIESPACE;24/08/2017 11:49
561;Madagascar Entreprise Development;24/08/2017 11:56
562;Ecotec Tamatave;24/08/2017 20:00
563;Saint Antoine;25/08/2017 10:57
564;IHSM Tulear;25/08/2017 13:48
565;NANISANA FED-STABEX;25/08/2017 13:48
566;Lycée Sainte Famille Anosivavaka;26/08/2017 18:39
567;LSFA;26/08/2017 18:58
568;Lycée Technique Professionnel de Mahamasina;27/08/2017 13:55
569;Pro Acta;28/08/2017 09:14
570;INFO SYSTEME MANAGEMENT;28/08/2017 16:34
571;Lycée privé ARCADE;28/08/2017 16:34
572;CEG Andranonahoatra;28/08/2017 16:34
573;EPP Itaosy;28/08/2017 16:34
574;Lycée de Sainte Marie;29/08/2017 09:35
575;FLSH Ankatso;29/08/2017 09:37
576;FORMATION DES TECHNICIENS SUPERIEURS TOLIARA (FTS);29/08/2017 10:27
577;EPEPSAA;29/08/2017 11:31
578;UNIVERSITE ANTSIRANANA;29/08/2017 13:00
579;barikadimy Toamasina;29/08/2017 15:06
580;CTPCI 67 Ha;29/08/2017 16:19
581;collège Condorcet;30/08/2017 06:28
582;Centre Retravailler;30/08/2017 06:28
583;Lycée FJKM Andriamanarefo;30/08/2017 07:10
584;CEG Analamahintsy;30/08/2017 07:10
585;EPP Analamahintsy;30/08/2017 07:10
586;FORMATION DES TECHNICIENS SUPERIEURS TOAMASINA I (FTS);30/08/2017 08:29
587;Ecole Supérieure Sacré Coeur Antanimena (ESSCA);30/08/2017 08:56
588;Lycée Privée Saint Joseph Antsirabe;30/08/2017 08:56
589;MCP Antaninadro;30/08/2017 11:58
590;Lycée NDA;30/08/2017 15:25
591;CFAC Antanimena « St François Xavier » (Centre de Formation aux Activités du Commerce);31/08/2017 09:08
592;CNTMAD;31/08/2017 11:05
593;ONG FITIAVANA Mahazoarivo Nord;31/08/2017 11:38
594;Lycée privée Fo Masin'i Jesoa Talatamaty;31/08/2017 12:29
595;FLSH Ankatso Université d'Antananarivo;31/08/2017 13:42
596;FFF MM / IMD – DL Anosisoa Ambohimanarina;31/08/2017 13:44
597;Lycée Ambohimanambola;31/08/2017 13:52
598;NOTRE DAME DE LOURDE  ;01/09/2017 08:16
599;IUM Isoraka (Institut Universitaire de Madagascar);01/09/2017 08:38
600;ESSCA Antanimena (Ecole Supérieure Sacré-Coeur Antanimena);01/09/2017 08:39
601;New Concept Information Technology (NCIT) BIONEXX SA;01/09/2017 10:14
602;ISAA-UNIVERSITE DE SFAX Tunisie /Campus Numérique Francophone d'Antananarivo;01/09/2017 11:18
603;COACH PARTNER -COTTOLINE;01/09/2017 11:20
604;London Business Academy of Antananarivo par Derek Havelock;01/09/2017 11:23
605;Textiles Human Ressources Council de Canada en collaboration avec Harvard University, formation en ligne par le Groupe SOCOTA;01/09/2017 11:25
606;IMGMAM/F.P.A.E.C;01/09/2017 11:30
607;RADRIANAMPANDRANA;02/09/2017 18:57
608;ENEM;02/09/2017 18:57
609;ESC;02/09/2017 18:57
610;Collège Saint Pierre Chanel Ihosy;04/09/2017 08:01
611;Centre Américain Ambohidahy;04/09/2017 12:47
612;Lycée privée Hasina Sab/nam;04/09/2017 14:55
613;EPP Andrebakely;04/09/2017 14:55
614;IBM France;05/09/2017 09:47
615;LENOVO;05/09/2017 09:52
616;Rapidos;05/09/2017 11:48
617;.;05/09/2017 12:38
618;Formation Professionnelle Mantasoa;05/09/2017 12:42
619;Saint Michel Amparibe (SAMIS-ESIC);05/09/2017 13:41
620;Saint Mathieu Amboasary Gara;05/09/2017 15:32
621;IMGAM  / EPEP;06/09/2017 03:04
622;Lycée Technique Professionnel de Mahamasina (LTPGCM);06/09/2017 09:34
623;Lycée FJKM Antanisoa;06/09/2017 11:30
624;INSTAT;06/09/2017 11:32
625;Chocolaterie Robert;06/09/2017 11:34
626;Centre Nationale de Télé-Enseignement de MADagascar ou CNTEMAD;06/09/2017 14:09
627;ISFPS Leader;06/09/2017 14:11
628;FJKM Ambatomanga Manjakandriana;06/09/2017 15:04
629;Webmaster Madaweb;06/09/2017 15:04
630;CFTPRO » Ambohimanarina Ambodimita;06/09/2017 15:04
631;Université Montpellier 3;07/09/2017 08:34
632;Université Lyon 2;07/09/2017 09:20
633;ISIME Betongolo;07/09/2017 09:35
634;ESCOM;07/09/2017 10:19
635;Institut Malgache des Innovations (IMI) Antananarivo;07/09/2017 14:11
636;Faculté DEGS à l'Université Antananarivo;07/09/2017 14:41
637;Leader Info Tsiadana;07/09/2017 14:42
638; Collège Condorcet;08/09/2017 15:07
639;Harold Washigton College;09/09/2017 16:03
640;Istituto Mystici Corporis. Montet (Broye), Suisse;09/09/2017 16:03
641;Istituto Mystici Corporis. Florence, Italie;09/09/2017 16:03
642;Saint Joseph Andohalo;11/09/2017 15:11
643;IMGAM / EPEP;12/09/2017 11:28
644;EPEP Manjakaray;12/09/2017 11:42
645;Marthe Hervé ;13/09/2017 06:16
646;CFPMA Ivato;13/09/2017 10:20
647;  ASFOR Tanjombato  ;13/09/2017 14:44
648;ASFOR Tanjombato  ;13/09/2017 14:55
649;Ecole supérieure spécalisée du Vankinakaratra;14/09/2017 11:52
650;DREN/EP;14/09/2017 11:56
651;Tuléar;14/09/2017 13:53
652;AFT;14/09/2017 15:19
653;Lycée Privée  La Tourterelle Andoharanofotsy;14/09/2017 15:39
654;ETP;14/09/2017 15:44
655;Ecole Nationale d'Informatique de Fianarantsoa (ENI);14/09/2017 15:51
656;Sacre Cœur Anosisoa ;15/09/2017 08:42
657;Lycée privée Hasina Sabotsy Namehana;15/09/2017 13:47
658;CENTEMAD;16/09/2017 10:24
659;SFX Fianarantsoa;17/09/2017 13:47
660;ISAP;17/09/2017 14:00
661;Faculté de science de Mahajanga;18/09/2017 07:01
662;"à                            ISPAg (Institut Supérieur Privé Agricole) ; Antananarivo";19/09/2017 11:37
663;Sacré coeur Anosisoa;19/09/2017 14:53
664;C.T.R.L.G;20/09/2017 06:21
665;Accem Analakely;20/09/2017 06:22
666;centre de formation aux activités du commerce Saint François-Xavier;20/09/2017 06:27
667;ESCOGES;20/09/2017 06:28
668;niveau terminal;20/09/2017 09:06
669;ankatso confusius;20/09/2017 14:07
670;Ecole BIT akatso;20/09/2017 15:30
671;FJKM Ambatomanga;21/09/2017 08:46
672;Société x en webmastering;21/09/2017 08:53
673;CFM (Centre de Formation des Métiers);21/09/2017 08:53
674;ORN Atsimo Atsinanana;21/09/2017 08:53
675;PSI Madagascar;21/09/2017 08:53
676;BIT Formation (Tuléar);21/09/2017 08:53
677;Alliance Française de Tuléar;21/09/2017 08:53
678;FANASINA SERVICE Farafangana;21/09/2017 08:53
679;Microfinance;21/09/2017 08:53
680;CNaPS Farafangana;21/09/2017 08:53
681;Lycée de Vangaindrano;21/09/2017 08:53
682;CFTPRO Ambohimanarina Ambodimita;21/09/2017 08:59
683;Lycée Saint Gabriel Mahajanga;21/09/2017 09:40
684;Ecole Supérieur Polytechnique d'Antananarivo;21/09/2017 09:40
685;Lycée privé Rasalama;21/09/2017 10:11
686;Proup Info Ambohipo;21/09/2017 11:09
687;Faculté des Sciences ;21/09/2017 11:17
688;Facultés des sciences;21/09/2017 11:23
689;Ministère de la jeunesse et des sports;21/09/2017 11:25
690;C.A.T;21/09/2017 11:26
691;LTP Ampasampito;21/09/2017 12:57
692;INSCAE  Madagascar;21/09/2017 15:35
693;Sniper Hire;22/09/2017 08:24
694;Hay Group;22/09/2017 11:27
695;White & White Associates ;22/09/2017 11:28
696;Satyam group;22/09/2017 11:31
697;Exact Software;22/09/2017 11:35
698;cfpa;25/09/2017 08:32
699;Lycée Catholique Arivonimamo;25/09/2017 11:33
700;EPCT ANALAMAHITSY;25/09/2017 13:03
701;Alliance Française de sainte marie;25/09/2017 13:06
702;société JB Amboditsiry;25/09/2017 14:34
703;université Andrainjato Fianarantsoa;26/09/2017 09:02
704; ISPAg (Institut Supérieur Privé Agricole)  ;26/09/2017 13:41
705;ltp Beravina;26/09/2017 19:47
706;UNIVERSITE ECONOMIE GESTION AN DRAIN JATO;26/09/2017 19:47
707;IEFPA-ACEEM ;27/09/2017 07:11
708;Lycée Jean Joseph Rabearivelo;27/09/2017 07:18
709;Lycée Sainte Thérèse Andasibe Ampefy;27/09/2017 07:49
710;CFRH - Centre de Formation des Ressources Humaines;27/09/2017 08:54
711;université Fianarantsoa;27/09/2017 09:59
712;Malagasy professionnels de l'élevage;27/09/2017 10:51
713;Fianaratsoa;27/09/2017 11:02
714;Lycée Saint Jean Bosco;27/09/2017 11:41
715;Lycée Ambatolampy;27/09/2017 15:02
716;Société en Textile;27/09/2017 15:06
717;Institut Supérieur en Informatique et en Gestion à Soavimbahoaka;28/09/2017 07:09
718;FAC Degs Fianarantsoa;28/09/2017 09:22
719;LPC faravohitra;28/09/2017 09:52
720;Les Bambin Sages Ambohidroa;28/09/2017 09:52
721;Imgam fpaec Antananarivo;28/09/2017 09:52
722;Cabinet Passation Des Marchés Publics – Conseils;28/09/2017 10:08
723;Institut confucius;28/09/2017 10:14
724;INSCAE  67ha;29/09/2017 15:04
725;ISSIG Soavimbahoaka;30/09/2017 12:23
726;SYGOP;02/10/2017 10:59
727;IHEC ;05/10/2017 08:10
728;Lycée privé Nicoletta;05/10/2017 09:05
729;SOFT FORMATION AND DEVELOPPMENT ( SFD);06/10/2017 08:50
730;Ecole supérieure spécalisée du Vakinakaratra;06/10/2017 09:20
731;Lycée Saint Antoine;06/10/2017 09:27
732;IPAC;09/10/2017 09:23
733;ABC Ambohibao;09/10/2017 09:49
734;ELI Ampasamadinika;09/10/2017 10:16
735;Centre d'Echanges de Documentation et d'Information inter-Institutionnel;09/10/2017 13:42
736;CNTEMAD (Télé- enseignement) Ankadifotsy;10/10/2017 08:40
737;Lycée mixte Antsiranana;11/10/2017 06:17
738;Institut Supérieur en Sciences de l’Environnement et de Gestion ;11/10/2017 06:21
739;Fianarantsoa;11/10/2017 09:53
740;Chambre de Commerce et de l'Industrie;11/10/2017 10:03
741;RH Consulting;11/10/2017 13:05
742;Institut Sainte Famille Mahamasina;12/10/2017 14:40
743;ACEEM Manakambahiny;13/10/2017 09:49
744;CTF ;13/10/2017 10:13
745;MELI Antanimena;13/10/2017 13:39
746;ISFGI Antamponjina ;16/10/2017 08:47
747;TGF;16/10/2017 08:47
748;APIMF;16/10/2017 14:56
749;AJERH;16/10/2017 14:56
750;Institut de Managment des Arts et Métiers;17/10/2017 11:05
751;H Formation;17/10/2017 11:05
752;Univ INFO;17/10/2017 14:23
753;rossignols;18/10/2017 11:27
754;Laboratoire IMRA;18/10/2017 15:04
755;Lycée Privé St Philipe et Jacques;18/10/2017 15:11
756;Collège St Joseph;18/10/2017 15:15
757;CPE (Cours des Professionel Experimenté);19/10/2017 07:41
758;Lenovo Learning Center (online);19/10/2017 09:16
759;ESP BIG;19/10/2017 09:18
760;ACCEM Ankadivato;19/10/2017 13:22
761;Lycée ACCEM Ankadivato;19/10/2017 14:15
762;ETFPS RLG ;19/10/2017 14:34
763;AFACO;19/10/2017 15:02
764;Sekolintsika Analamahintsy Cité;20/10/2017 07:26
765;FJKM Ambohimamory;20/10/2017 17:17
766;ISPEFMAD;21/10/2017 10:13
767;Institut de Formation Professionnelle AJEECM ;23/10/2017 09:07
768;AIR Magagascar;23/10/2017 09:31
769;Lycée Séraphin;23/10/2017 10:16
770;IFP Mihary;23/10/2017 13:01
771;Radama Anjanahary;23/10/2017 14:22
772;Madajob;24/10/2017 11:26
773;JADE;25/10/2017 08:42
774;CEG TANJOMBATO;25/10/2017 08:42
775;MIRINDRA COLLEGE;25/10/2017 08:42
776;ISECOM;25/10/2017 09:27
777;TIC Isoraka;25/10/2017 12:38
778;Lycée privé Aina Arivelo;25/10/2017 12:44
779;CFPA Anosibe;25/10/2017 13:52
780;pigier toulouse;26/10/2017 05:06
781;CRP Consulting ;26/10/2017 05:06
782;Esslingen Talatamaty;26/10/2017 09:41
783;ORANGE SCHOOL;26/10/2017 12:05
784;LYCEE PRIVEE JADE;26/10/2017 14:19
785;Sacre Coeur Tuléar Centre;27/10/2017 08:08
786;IMGAM ANTANANARIVO;27/10/2017 09:19
787;ucm ambatoroka;27/10/2017 09:27
788;UPA Manakambahiny;27/10/2017 12:55
789;Univ Info Ampandrana;27/10/2017 12:55
790;UAZ ( UNIVERSITE ADVENTISTE ZURCHER);27/10/2017 13:59
791;CEG Analamahitsy;27/10/2017 15:02
792;Lycée Antananarivo;27/10/2017 15:33
793;IMAGE APPLI;27/10/2017 15:44
794;Ste Famille Mahamasina;27/10/2017 15:44
795;région Analamanga;27/10/2017 15:44
796;TSIRO AINA;27/10/2017 15:44
797;FORMATION CONTINUE EN ADMINISTRATION BACC+4 FSSP;27/10/2017 17:03
798;Lycée privée Antanisoa;28/10/2017 08:03
799;Institut Supérieur Spécialisé en Informatique et en Gestion (ISSIG);28/10/2017 15:01
800;Collège Notre dame de lourde;28/10/2017 21:32
801;UNIVERSITE D'ANTANANARIVO, Faculté des Sciences;30/10/2017 09:13
802;ST Joseph Ambohidratrimo;30/10/2017 11:05
803;LIME Madagascar;30/10/2017 13:23
804;Institut National de Promotion, Formation Ivato Aéroport;30/10/2017 16:39
805;UNIVERSITE PRIVEE SAMIS-ESIC (SAINT MICHEL);31/10/2017 07:09
806;Institut Supérieur de Technologie d'Antananarivo (IST-T);31/10/2017 08:57
807;IMGAM IVANDRY- ;31/10/2017 10:30
808;complexe scolaire safi;31/10/2017 11:05
809;centre des formations professionnel;31/10/2017 11:05
810;LDS( later-days saints);31/10/2017 11:05
811;MTC ghana;31/10/2017 11:05
812;eglise de jesus christ des saints des derniers jours;31/10/2017 11:05
813;YALI;31/10/2017 11:05
814;FACULTE DES SCIENCES ET ISPM;31/10/2017 11:46
815;UNIVERSITE D'ANTSIRANANA /ESPA;31/10/2017 14:33
816;lpa;01/11/2017 11:46
817;CFAMA;01/11/2017 17:37
818;Faculté des Sciences de l'Univesrité d'Antananarivo;02/11/2017 06:52
819;DEGS Antananarivo;02/11/2017 10:06
820;Faculté FLSH Centre universitaire régionale Antananarivo - Ankatso ;02/11/2017 10:06
821;Ecole Supérieure Spécalisée du Vakinakaratra (ESSVA);02/11/2017 12:24
822;La Grace Antaninadro;03/11/2017 10:30
823;Microcred Antananarivo;03/11/2017 16:29
824;Lycée Port Bergé;06/11/2017 16:33
825;CF-PRO;07/11/2017 09:20
826;LTI Alarobia;07/11/2017 16:23
827;Centre Antananarivo;08/11/2017 09:21
828;ISSIG Soavimbahoakas;08/11/2017 15:02
829;LMA AMPEFILOHA;08/11/2017 15:22
830;Formation Professionnelle en Travail Social et Développement à l'Université d'Antananarivo;09/11/2017 07:50
831;CRA;09/11/2017 11:53
832;Centre de télé-enseignement de Madagascar (CNTEMAD);09/11/2017 14:50
833;St laurent Ambohimanoro;10/11/2017 10:34
834;ACEEM Ankadivato;10/11/2017 16:28
835;INPF Ivato;14/11/2017 10:15
836;Sainte famille Mahamasina;14/11/2017 10:15
837;Formatiopn au sein de la Banque BOA MADAGASCAR;14/11/2017 10:49
838;BIT SOLUTION;14/11/2017 10:49
839;Institut de formation des paramédicaux Les Rossignols;14/11/2017 12:37
840;Saint Joseph;14/11/2017 15:54
841;LTI Ampasampito;15/11/2017 10:26
842;Institut Supérieur de Technologie Regionale Alaotra Mangoro;15/11/2017 12:18
843;lycée Pole Morondava;16/11/2017 15:24
844;Réseu plus de Madagascar;16/11/2017 15:24
845;Collège Saint Michel Ampahibe;17/11/2017 11:58
846;Antananarivo, candidat libre;17/11/2017 12:08
847;Lycée privé ACCEM;17/11/2017 12:25
848;lycée Sileny Paul  ;20/11/2017 09:08
849;lycée privée fitsimbinana ;20/11/2017 09:08
850;ISSSG EMIR CONSULTING;20/11/2017 10:22
851;saint Joseph IVATO;20/11/2017 12:23
852;ESCAME Ambaranjana;20/11/2017 16:40
853;ANTANANARIVO ANKATSO;21/11/2017 09:18
854;Institiut Universitaire de Madagascar ;21/11/2017 12:32
855;FTTPI Ampasampito;22/11/2017 16:12
856;Lycée ANDRIANARISOA;24/11/2017 08:30
857;Lycée téchnique Antsiranana;24/11/2017 10:17
858;INATE Antsirabe;24/11/2017 10:49
859;CONTTOLINE SA;24/11/2017 10:49
860;CREATIK;24/11/2017 10:49
861;Réseau plus de Madagascar;24/11/2017 11:13
862;Lycée HR Daniel Ankadikely Ilafy;24/11/2017 13:11
863;Ecole Vinet Ambohimalaza;24/11/2017 14:08
864;GSM;24/11/2017 15:37
865;Université antananarivo , Departement Physiques;24/11/2017 15:53
866;Ins.P.N.Mad;25/11/2017 10:09
867;Université de Pau et des Pays de l'Adour;27/11/2017 11:33
868;Lyceee privee la caravelle ;27/11/2017 13:12
869;UPRIME;27/11/2017 14:58
870;Cours CPE;27/11/2017 16:19
871;E.S.I.G.E;28/11/2017 09:12
872;ENA;28/11/2017 09:54
873;Faculté de Droit d'Antananarivo;28/11/2017 10:48
874;Soft Development information;28/11/2017 12:35
875;CSPI-M;28/11/2017 14:48
876;LTPGCM Mahamasina;29/11/2017 08:00
877;Uiversité de Fianarantsoa;29/11/2017 08:11
878;Beroute Afrique;29/11/2017 08:17
879;Institut of Management and Technology;29/11/2017 08:33
880;IED (Innovation Energie Développement);29/11/2017 10:04
881;par IED (Innovation Energie Développement);29/11/2017 10:04
882;Lycée prive fitarikandro;29/11/2017 12:07
883;Catolique MANJAKARAY;29/11/2017 12:07
884;Lycée Française Antananarivo;29/11/2017 16:02
885;LTP;30/11/2017 07:49
886;EDM;30/11/2017 08:08
887;I NSPMAD;30/11/2017 10:59
888;MRE Antaninandro;30/11/2017 14:08
889;Top flight Andravoangy Ambony ;30/11/2017 14:55
890;Le SENEVE Amboditsiry,;30/11/2017 14:55
891;EESS SCIENCES ANTANANARIVO;30/11/2017 17:01
892;Lycée privée speed;01/12/2017 09:50
893;Andrainjato fianarantsoa;02/12/2017 10:53
894;Lycée Faratsiho;04/12/2017 07:36
895;Université de Mahajanga;04/12/2017 11:18
896;ANKATSO - Université d’Antananarivo Madagascar;04/12/2017 15:18
897;Lycée Technique Ambatondrazaka;05/12/2017 07:39
898;Lycée privée CPE;05/12/2017 16:18
899;SFD Antaninandro;06/12/2017 08:16
900;FJKM Ambatolampy;06/12/2017 08:16
901;Lycée Diego;06/12/2017 14:42
902;Pepite d'or Isoraka;06/12/2017 15:15
903;cerf armi 67 ha;07/12/2017 15:53
904;University of Technology and Business;07/12/2017 16:06
905;IMGMA/FSSP;08/12/2017 09:09
906;Shelton College;08/12/2017 09:58
907;INSPN Mad;08/12/2017 12:42
908;Pré Uprim;08/12/2017 12:42
909;ITC;08/12/2017 12:42
910;UNIVERSITE D'ANTANANARIVO FACULTE DE MEDECINE;09/12/2017 19:15
911;Lycée Jean jacques RABEMANANJARA;11/12/2017 13:57
912;FPAEC Antanimena;11/12/2017 13:57
913;Lycée philbert Tsiranana;12/12/2017 07:46
914;RLG Ambatomainty;12/12/2017 08:00
915;ARCADE Ambohimanarina;12/12/2017 08:09
916;Lycée Talatamaty;12/12/2017 08:21
917;Lycée Mahanoro;12/12/2017 15:29
918; l’Ecole Supérieure Spécialisée du Vakinankaratra (ESSVA), ;13/12/2017 10:18
919;Lycée  Andohalo;13/12/2017 15:17
920;MEC INFO ;13/12/2017 15:37
921;Lyceé de Fianarantsoa;13/12/2017 15:44
922;ESCGM;14/12/2017 08:51
923;ISERP Ampefiloha ;14/12/2017 08:59
924;IEP;14/12/2017 11:04
925;RASADE ( Réseau des Associations pour l’Appuis au Développement;14/12/2017 13:02
926;SOCIMEX;14/12/2017 13:02
927;OTIV ;14/12/2017 13:02
928;IEFPA ACCEM;14/12/2017 15:23
929;IMGAM/ FPAEC;15/12/2017 07:26
930;Cape May Technical;15/12/2017 08:03
931;Real Disign Vondron’Asa Malagasy;15/12/2017 13:08
932; Centre de Formation en Langue Chinoise;15/12/2017 13:08
933;Alliance Française d’Antananarivo;15/12/2017 13:08
934;FIAM;18/12/2017 08:40
935;ITAOSY;18/12/2017 14:26
936;IFELP Antananarivo;19/12/2017 12:42
937;IFELP ANOSY Antananarivo;19/12/2017 12:56
938;Ecole Supérieure Polytechnique d 'Antsiranana;19/12/2017 15:33
939;Lycéé Tsiroanomandidy;19/12/2017 15:54
940;UNIVERSITE D'ANTANANARIVO, Ankatso;20/12/2017 08:15
941;Ecole supérieure des Sciences Agronomies;20/12/2017 08:15
942;CNTEMAD Ankadifotsy  et ESDES Ambatomitsangana;20/12/2017 09:53
943;Lycée St Joseph Ivato;20/12/2017 10:51
944;CFPT Carole Behoririka;20/12/2017 10:51
945;Lycéé privée;21/12/2017 08:03
946;ACCEEM;21/12/2017 08:10
947;Collège Saint Michel Amparibe;21/12/2017 10:43
948;Academie de la réunion;22/12/2017 12:48
949;CPE (Cours des Professeur Experimenté);22/12/2017 13:25
950;Faculté de Medecine Ankatso;26/12/2017 13:31
951;Ecole Superieur de Developpement Economique et Sociale;27/12/2017 08:30
952;ankaran;27/12/2017 10:42
953;INTETLIAM;27/12/2017 11:24
954;pré-Uprim;27/12/2017 13:36
955;FORMATION INTERNE;27/12/2017 14:15
956;La Clairefontaine;28/12/2017 09:38
957;Alliance Française Antsohihy;31/12/2017 10:49
958;AMERICAN CLUB HOPE ;05/01/2018 09:04
959;cufp Fianarantsoa;12/01/2018 18:47
960;Ankatso et CNTMAD;14/01/2018 19:43
961;Lycée  St Vincent De Paul Ambatonilita;15/01/2018 16:22
962;Lycée Technique et professionnel d'Antsirabe;15/01/2018 16:58
963;SEVIRA ;16/01/2018 09:46
964;QEIM;16/01/2018 11:07
965;SGS Madagascar;16/01/2018 11:07
966;Via Conseil;16/01/2018 11:07
967;non;16/01/2018 11:27
968;LPM Ampitatafika;16/01/2018 16:46
969;NIRINFO;17/01/2018 07:53
970;lycée privée Iharisoa Tanjombato;17/01/2018 07:53
971;Lp Masca;18/01/2018 08:27
972;Alliance Française Majunga ;18/01/2018 10:32
973;Lycée Philibert Tsiranana Majunga;18/01/2018 10:32
974;Lycée Jacques RABENANJARA;18/01/2018 15:29
975;institut superieur iesi;19/01/2018 08:50
976;Alliance Française de Tananarive;22/01/2018 13:05
977;;22/01/2018 20:12
978;Lycée privée Ambohimalaza;23/01/2018 15:22
979;Ecole technique Ampasapito;23/01/2018 15:47
980;GSI Antaninareninan tana 101;24/01/2018 15:02
981;Lycée Technique Commerciale mahajanga;24/01/2018 15:57
982;ybet fomation;25/01/2018 07:54
983;STIC;25/01/2018 11:08
984;CFP RABEMANANJARA;25/01/2018 11:08
985;CECOR (Cabinet d’études de  conseil et de réalisation);25/01/2018 11:08
986;Auzoma;25/01/2018 21:28
987;ENI (Université de Fianarantsoa);29/01/2018 14:46
988;Association des Etudiants Chretiens Malagasy;06/02/2018 17:12
989;Lycée Andramasina;07/02/2018 11:18
990;UNIVERSITE CNTMAD ;07/02/2018 11:18
991;UNIVESITE CNTMAD;07/02/2018 11:18
992;Lycée mixte Antalaha;07/02/2018 11:53
993;GSI Antaninarenina Antananarivo;07/02/2018 14:17
994;Université de Lorraine;08/02/2018 08:53
995;Centre National de Tele-Enseignement de Madagascar (CNTEMAD);08/02/2018 10:07
996;CEG Soamalaza Antsirabe;08/02/2018 10:07
997;EPP Ambohimena ANTSIRABE;08/02/2018 10:07
998;EPCE Soa sy Kanto Antsirabe;08/02/2018 10:07
999;Groupe Telma;08/02/2018 19:17
1000;Imperial Tobacco Group;08/02/2018 19:17
1001;IPAM Isoraka Tananarive;08/02/2018 19:17
1002;ISCAM Ankadifotsy Tananarive;08/02/2018 19:17
1003;Saint Joseph Ambozontany Fianarantsoa.;08/02/2018 19:17
1004;Sainte jeanne d'arc;08/02/2018 19:46
1005;CEG Avaradoha;09/02/2018 14:00
1006;EPP Avaradoha;09/02/2018 14:00
1007;Association de Guide au Parc Tsimbazaza.;09/02/2018 15:39
1008;Universite ASJA antsirabe;11/02/2018 13:38
1009;;13/02/2018 09:58
1010;lycée LCMMR analavory;13/02/2018 15:00
1011;Ambassade Americaine;13/02/2018 16:31
1012;E-media Ampasanimalo;14/02/2018 09:47
1013;Ecole superieur en multimedia Ampandrana ;14/02/2018 09:47
1014;CEG Mandroseza;14/02/2018 13:33
1015;Jeanne d' Arc University ;14/02/2018 16:33
1016;Jeanne D'Arc University ;14/02/2018 16:33
1017;Institute of Management, Tourism and Technology;14/02/2018 21:37
1018;Institutions Sainte Famille Mahamasina;19/02/2018 15:03
1019; CGM (Institut International de formation en Allemand Analakely) ;19/02/2018 15:03
1020;Association Soanotohizana Madagascar;19/02/2018 16:28
1021;ENS AMPEFILOHA;19/02/2018 17:27
1022;EPP Ambohidahy;20/02/2018 10:42
1023;Collège Madécasse, Itaosy;20/02/2018 10:42
1024;Candidat libre, Itaosy;20/02/2018 10:42
1025;F.A.A.L, Anosizato Est;20/02/2018 10:42
1026;CEG HA;20/02/2018 11:37
1027;Ecole privée CHRIST-ROI;20/02/2018 16:22
1028;;22/02/2018 16:35
1029;SOBATRA;23/02/2018 10:33
1030;Ecole Nationale d’Informatique (ENI) de l’Université ;23/02/2018 17:14
1031;Univesristé de Fianarantsoa ;24/02/2018 19:13
1032;Collège Saint Antoine ANKADIFOTSY;28/02/2018 16:48
1033;LEXMARK AFRICA;28/02/2018 16:48
1034;l'institut ISINFO;28/02/2018 17:20
1035;l'institut IESI;28/02/2018 17:20
1036;"Université d’Antananarivo auprês de la faculté de Droit, d’Économie, de Gestion, et de la Sociologie ; au département Gestion";01/03/2018 10:52
1037;Lovasoa;01/03/2018 17:26
1038;Rantosoa Ambatondrazaka;02/03/2018 16:35
1039;INFOPRO;03/03/2018 12:30
1040;CHRIST ROI MANJAKARAY;05/03/2018 14:59
1041;LYCEE MIXTE ANTSOHIHY;07/03/2018 22:19
1042;Ecole Normale Supérieure,Université d'Antananarivo;08/03/2018 15:58
1043;Institut Supérieur de l’Informatique et du Management;10/03/2018 16:26
1044;Programme Dinika Analamahitsy;11/03/2018 09:35
1045;Reseau OTIV TANA;11/03/2018 09:54
1046;RAMANANARIVO LOUIS GUILLAUME;12/03/2018 14:37
1047;Alliance française d'Antsirabe;12/03/2018 15:35
1048;Ambatovy;12/03/2018 16:27
1049;ONG MIDEM;13/03/2018 11:26
1050;Entreprendre Madagascar;13/03/2018 11:26
1051;STIG;14/03/2018 17:05
1052;ONG Zara Aina;15/03/2018 09:32
1053;EMB;15/03/2018 14:42
1054;Lycée Présentation de Maeir;16/03/2018 07:13
1055;Ecole National d'Informatique;16/03/2018 07:13
1056;Institut de Management de Arts et Metiers ou IMGAM;16/03/2018 15:35
1057;LYCEE TAMATAVE II;16/03/2018 18:59
1058;Lycée Mahitsy;18/03/2018 08:05
1059;université d’Ambatondrazaka (annexe Barikadimy);18/03/2018 08:05
1060;université privée TACTINFO 67 Ha;18/03/2018 08:05
1061;Éco-village Tsaratanàna;18/03/2018 08:05
1062;ISAE;19/03/2018 16:11
1063;BIG ;20/03/2018 10:33
1064;MCI (Madagascar Consulting International);20/03/2018 10:33
1065;SOCOTEC;20/03/2018 14:01
1066;EPIC Antsahalovana ;21/03/2018 11:37
1067;CEG Nanisana;21/03/2018 11:37
1068;Formation en Travail Social et Devéloppement Ankatso;27/03/2018 10:36
1069;Centre de Formation Professionnelle Laura Vicuna;27/03/2018 11:22
1070;Lycée Ambohimahasoa;27/03/2018 11:22
1071;Collège Hasina;27/03/2018 12:55
1072;Ecole de management et d’innovation technologique (EMIT), ;28/03/2018 16:09
1073;Centre Universitaire de Formation Professionnalisante (CUFP);28/03/2018 16:09
1074;Lycée Privé Saint Joseph Ambozontany;28/03/2018 16:09
1075;EMAP Madagascar;31/03/2018 17:14
1076;SFMJ Tsaramasay;31/03/2018 17:14
1077;IEP Madagascar;03/04/2018 15:51
1078;GSI 67Ha;04/04/2018 12:02
1079;Université d'Andrainjato Fianarantsoa;04/04/2018 12:02
1080;college saint jean Baptiste Imerinafovoany;05/04/2018 08:49
1081;Ex HORDEA Ambatolampy;05/04/2018 08:49
1082;SOFITRANS;05/04/2018 09:39
1083;CNTEMAD ( Centre National de Télé-enseignement de Madagascar;06/04/2018 10:03
1084;Lycée privé Charlemaigne;10/04/2018 08:59
1085;ARMI 67 ha;10/04/2018 08:59
1086;GRF Ambatomitsangana;11/04/2018 10:41
1087;Association Mpamakilain'i Madagasikara;11/04/2018 10:41
1088;Ministère du commerce, Centre de formation en commerce international et concurrence;11/04/2018 12:48
1089;Centre d'Education Permanente des Adultes ;11/04/2018 12:49
1090;Lycée Ambohimanarina;11/04/2018 12:49
1091;de l’Université d’Antananarivo;12/04/2018 11:32
1092;IFAGI & PARAMED Ambatomitsagana;13/04/2018 12:15
1093;LJR TAMATAVE;17/04/2018 17:03
1094;La Petite Merveille;19/04/2018 08:41
1095;accem ivato;19/04/2018 12:09
1096;english teaching program;19/04/2018 12:09
1097;British council ;19/04/2018 13:01
1098;Knowledge Institute Ambondrona;19/04/2018 13:01
1099;Knowledge Institute;19/04/2018 13:01
1100;Centre Moramanga;19/04/2018 14:45
1101;Lycée Privé BAMBINO Moramanga;19/04/2018 14:45
1102;Lycée Privé FANILO Analamahitsy;19/04/2018 14:45
1103;VATEL;19/04/2018 16:59
1104;COLLEGE SAINT GABRIEL;20/04/2018 16:50
1105;UNIVERSITÉ POLYTECHNIQUE D'AVARADRANO UPA/HPI MASCA;24/04/2018 12:50
1106;Université privée Hay soa;26/04/2018 00:39
1107;Lycée technique Toamasina ;26/04/2018 10:01
1108;Take Charge of Your Life;26/04/2018 10:31
1109;Lycée Arivonimamo;27/04/2018 09:10
1110;Université d'Antananarivo- Faculté des Sciences;27/04/2018 09:10
1111;Université d'Antananarivo - ESPA;27/04/2018 09:10
1112;CEG ALASORA;27/04/2018 09:54
1113;L'OEUVRE DU BON SAMARITAIN, Analamahitsy, Antananarivo;02/05/2018 06:40
1114;Lycee privee la caravelle ;02/05/2018 17:28
1115;Lycée Saint Jean Baptiste Ambohitrimanjaka;03/05/2018 11:39
1116;ISMR Miarinarivo;03/05/2018 12:43
1117;Mc Donald's France ;03/05/2018 14:07
1118;EVERGREEN HOTEL  ;06/05/2018 22:33
1119; INSTITUT CONFUCIUS ;06/05/2018 22:33
1120;LPA Alarobia;07/05/2018 11:44
1121;SOCIETE ELIOTEK COMPUTER;07/05/2018 11:44
1122;INSUC Toamasina;08/05/2018 08:41
1123;ratiqué par le système SYDONIA ++;08/05/2018 08:41
1124;centre de formation CAD et TM douane tsaralalana ;08/05/2018 08:41
1125;PARCOURS;08/05/2018 15:49
1126;GATE UNIVERSITY AMBOHIDRATRIMO;10/05/2018 11:55
1127;UNIVERSITE ECAT TARATRA FIANARANTSOA;10/05/2018 11:55
1128;GATE UNVIVERSITY AMBOHIDRATRIMO;10/05/2018 11:55
1129;ECAT TARATRA FIANARANTSOA;10/05/2018 11:55
1130;IMT;13/05/2018 11:33
1131;Collège Coindre Arivonimamo;14/05/2018 17:27
1132;Lycée Vohipeno;16/05/2018 11:01
1133;Univesité de Fianarantsoa;16/05/2018 11:01
1134;Formation offert par SYNERGY COMMUNICATION ;16/05/2018 11:09
1135;GROUPE ACEEM;16/05/2018 12:34
1136;CRADEC (Conseil-Recherche Action pour le Développement Communautaire);16/05/2018 17:26
1137;FORMATION DES TECHNICIENS SUPERIEURS  ANTSIRABE (FTS);16/05/2018 20:33
1138;Institut National de Promotion et de Formation (INPF Ivato);17/05/2018 09:30
1139;Formation de Technicien Superieure Antsirabe ;17/05/2018 09:52
1140;Ecole Nationale d’Informatique (ENI) de l’Université  ……..Fianarantsoa;17/05/2018 21:56
1141;Ecole Nationale d’Informatique (ENI) de l’Université Fianarantsoa;17/05/2018 22:03
1142;Ecole Nationale d’Informatique (ENI) de l’Université  Fianarantsoa;17/05/2018 22:08
1143;LTP Ampasampito Antananarivo;17/05/2018 22:08
1144;Centum Learning Limited;18/05/2018 09:52
1145;OUTREMER TELECOM;18/05/2018 11:14
1146;Universite GSI;19/05/2018 12:17
1147;Ancien sapeur pompier de PARIS;19/05/2018 12:18
1148;Amity university;20/05/2018 12:59
1149;Ecole supérieure de commerce;20/05/2018 12:59
1150;ISSG/Emir Consulting;22/05/2018 12:51
1151;IST Ampasampito;23/05/2018 11:26
1152;Ankatso et CNTEMAD;23/05/2018 13:28
1153;La pepinière ;23/05/2018 14:39
1154;Ecole Jean Juste Antsirabe;23/05/2018 14:39
1155;ISCAM Ankadifotsy Antananarivo;23/05/2018 17:52
1156;Ankarana;25/05/2018 14:57
1157;Formation en hébergement/réception ;25/05/2018 17:11
1158; peter pan;26/05/2018 11:06
1159;LYCEE TECHNIQUE COMMERCIL;28/05/2018 17:26
1160; Université d’Antananarivo, Faculté des Sciences;29/05/2018 13:36
1161;UNIVERSITE D'ANTANANARIVO Ankatso;30/05/2018 15:31
1162;Institut National du Tourisme et de l’Hôtellerie (INTH);30/05/2018 15:48
1163;Institut Supérieur de Technologie d’Antananarivo (IST-T);30/05/2018 15:48
1164;BIG INFORMATIQUE;30/05/2018 17:43
1165;ZIEGRA ALLEMAGNE;31/05/2018 10:01
1166;Université antananaro;31/05/2018 10:01
1167;ISSG EMIR Consultings;01/06/2018 14:01
1168;Lycee Arcade Talatamaty;01/06/2018 14:08
1169;ACEEM Analakely;04/06/2018 14:02
1170;AMITY UNIVERSITY UTTAR PRADESH (Inde);04/06/2018 14:39
1171;SPEAK ENGLISH TANA;04/06/2018 14:39
1172;Centre de formation MDF;04/06/2018 16:25
1173;Centre d'orientation MDF;04/06/2018 16:25
1174;KENTIA FORMATION;04/06/2018 16:25
1175;Faculté des lettreS et sciences humaines ANTANANARIVO ;05/06/2018 10:50
1176;Centre de formation douane Antananarivo;05/06/2018 12:54
1177;Centre de formation en douane;05/06/2018 13:43
1178;Lycée RAHERIVELO RAMAMONJY Fianarantsoa;06/06/2018 10:59
1179;ISM Antananarivo;07/06/2018 14:41
1180;CCIFM / QUALINNOVE;08/06/2018 11:14
1181;CCIFM / INSCAE;08/06/2018 11:14
1182;IMC;08/06/2018 11:14
1183;Foyer Ecole Zo Tahina;08/06/2018 11:14
1184;Cours Arcade;08/06/2018 11:14
1185;eca info;08/06/2018 12:51
1186;centre de formation de la douane Tsaralalana ;12/06/2018 08:35
1187;bac +2 communication CNTEMAD;12/06/2018 15:22
1188;E.M.T.H. Mahanjanga;13/06/2018 11:12
1189;Lycée technique professionnel Mahajanga ;13/06/2018 11:12
1190;CEG Charles Renel ;13/06/2018 11:12
1191;AIR LIQUIDE SOAM;13/06/2018 13:47
1192;FJKM Faratsiho;19/06/2018 11:45
1193;CEG Ambohimanarina;19/06/2018 19:47
1194;Association LLB Madagascar;20/06/2018 10:48
1195;Lycée privée CPE TULEAR;22/06/2018 16:49
