id;value
3;Développeur web
2;Intégration web
4;Développeur mobile
5;Technicien en informatique ou électronique
7;Développeur python
8;Administrateur système, réseaux maintenance
9;Technicien en informatique 
10;Développeur java
11;Maintenance réseau
12;Directrice de production
13;Administrateur système,réseaux 
14;Responsable de production
15;Secrétaire de direction
16;Technicien en informatique,électronique
18;Web designer
20;Développeur
21;Commercial
22;Chef de chantier
23;Responsable informatique
24;Informaticien
25;Technico-commercial 
26;Technicien de support 
27;Commerciale
28;Ressources humaines 
29;Chef de département technique
30;Ingénieur
31;Informatique
32;Informaticien , commercial
141;Département juridique,ressources humaines débutant
34;Réceptionniste , chauffeur de particulier  
35;Développeur informatique junior(débutant)
36;Infographiste
37;Programmeur progiciel
38;Marketing
39;Technicien informatique
40;Finance
43;Commercial ou HSSE
46;Assistante administrative ou logistique 
45;Assistant commercial
48;Technicien de maintenance logicielle 
49;Technicien d'intervention pour un dépannage de réseau 
50;Technicien administrateur réseaux
51;Développeur web, mobile
52;Assistantante juridique, ressources humaine, référencer SEO
53;Assistante juridique, ressources humaine, référencer SEO
54;Travailleurs dans le projet de développement rural
71;Télécommunication
56;Administration
57;Comptabilité,producteur
58;Tourisme
59;Biochimie, biologie, nutrition 
60;Tout dans le relationnel,communication,événementiel
61;Direction ressource humaine
66;Développeur PHP,administrateur système réseaux
63;Domaine de la logistique, du tourisme
64;Communication,événementiel
65;Communication
67;Développeur PHP (junior)
68;Responsable ou assistant logistique
69;Administrateur système,réseaux (débutant)
70;Aide comptable
72;Comptable, contrôleur de gestion, analyse statistique
73;Enquêteur
74;Animateur,commercial
75;Responsable commercial
76;Animatrice  de vente
77;Opérateur de saisie
78;Responsable ressources humaines ou comptable
79;Ingénieur agronome
80;Caissière ou vendeuse
81;Gestionnaire de stock,magasinier,divers
82;Gestion, informatique
83;Réceptionniste,tous les emplois
84;Comptable, caissière
85;Comptable
86;Comptable,assistant comptable
87;Ingénieur télécommunication
88;Commercial,,rédacteur web français
89;Rédacteur web français ou commercial
90;Réceptionniste
91;Assistant comptable
92;Rédacteur web français
94;Informaticien,administration
95;Magasinier 
96;Comptable (débutante)
97;Analyste financier,comptable (débutant)
98;Rédactrice web français
99;Consultant junior, ,statisticien, assistant administratif, assistant comptable
100;Juriste en droit commercial ( débutant )
101;Communication,audiovisuels, tourisme
103;Graphiste
104;Développeur d'application
105;Assistant comptable
106;Secrétaire
107;Opérateur web
108;Juriste ou poste similaire
109;Développeur d'application (débutant)
110;Juriste
111;PAOiste (débutant)
113;Comptable (débutant)
114;Dans le domaine d informatique, coursier, BTP
115;Chauffeur (privé, tourisme,..)
116;Chef de projet , data manager , ingénieur logiciel
117;Département juridique,ressources humaine
118;Environnement (biodiversité)-enquêteur-développement rural
119;Intégrateur HTML,CSS
120;Informatique , comptable , statistiques
121;Secrétaire juridique
122;Opérateur de saisie,online,magasinier
123;Sage femme
140;Juriste débutant 
125;Sécurité
127;Comptable , statistiques
128;Poste disponible en province
129;Électricien
130;Travail à domicile
131;Responsable commercial, magasinier, agent administratif
132;Technicien géotechnique 
133;English operational management
134;Ingénieur informaticien
135;Technicien en électronique, électricité,informatique
136;Ressource humaine, assistante de direction, audit,comptabilité,gestion, directrice de production,
137;Rédactrice mail, assistante, réceptionniste accueil
139;Poste vacant
142;A temps partiel
143;Manager, gestionnaire, assistant,directeur, responsable
144;Assistant juridique, ressources humaines, référencer SEO
145;Assistante comptable,caissière
146;Assistante commerciale
147;Création site web, programmation
148;Poste vacante
149;Coursier
150;Assistante comptable
151;Administrateur réseaux débutante
152;Secrétaire juridique (débutante)
153;Téléopérateur
154;Créatif
155;Juriste (débutante)
156;Ingénieur réseaux (débutante)
157;Technicien 
158;Technicien d'intervention (débutant)
159;Caissière
160;Rédactrice web français, responsable commerciale, un emploi dans une compagnie aérienne, dans une compagnie aérienne
161;It support réseaux,système (débutant)
162;Secteur BTP
163;Tout
164;Assistante comptable, caissière , ou assistante sociale
165;Conseiller clientèle
166;Intégrateur web HTML,CSS (étudiant)
167;Chauffeur
168;Ressources humaines (expérimentée)
169;Administrateur réseaux
170;Intégrateur web HTML,CSS (débutant)
171;Conseillère clientèle
172;Responsable infrastructure
173;Infographiste , metteur en page
174;Développeur senior
175;Économiste
176;Finance,assistante administrative,financière,auditeur,assistante comptable,contrôleur de gestion
177;Technicien en administration réseaux (débutant)
178;Gestionnaire, administratif, assistant de direction
179;Assistant comptable (débutant), analyste en économie
180;Gestionnaire, administratif, assistant de direction, assistant comptable (débutant), analyste en économie
181;Développeur d'application Windev
182;Juriste,assistant administratif
183;Secrétaire,caissière,assistante administrative,responsable boutique,responsable paie.
184;Tous types d'emploi
185;Caissière ou vendeuse ou secrétaire
186;Environnement,développement durable
187;Commerce,marketing, secrétaire, assistante, caissière
188;Responsable production
189;Chimiste, enquêteur,coursier, autre
190;Chauffeur , caissier, 
191;Assistante 
192;En marketing,commerce
193; Actrice film
194;Opérateur web,comptable
195;Assistante comptable,caissière,assistante sociale
196;Opératrice média,téléopératrice
197;Assistant comptable (débutant),analyste en économie
198;Technicien en électricité bâtiment,technicien en électronique analogique
199;Administrateur système,réseaux  maintenance
200;Technicien informatique, caissier, assistant administratif
201;Chauffeur,coursier
202;Opératrice de saisie,réceptionniste
203;Commerciale,secrétaire,caissière
204;Monteur vidéo,journaliste reporter d'images
205;Caissière,vendeuse,secrétaire
206;Tout ce qui concerne la gestion,management
207;Comptable,contrôleur de gestion,analyste statistique (débutante)
208;Assistant ressources humaines,comptable (débutant)
209;Commerciale dans une compagnie aérienne
210;Gestion,management
211;Manager en hôtellerie
212;Conducteur de travaux BTP, ingénieur d'études BTP
213;Vendeuse
214;Secrétaire,assistante comptable
215;Secrétaire,caissière
216;Assistante commerciale,caissière
217;Manager en BPO,gestionnaire relation-client,assistant de direction
218;Développeur (débutant)
219;Assistante de direction
220;Technicien en informatique , caissier, assistant administratif, agent de recouvrement, 
221;Assistant administratif,financier,commercial
222;Technicien géotechnique en laboratoire (BTP)
223;Intégrateur web HTML,CSS
224;Administrateur réseaux (débutant)
225;Analyste 
226;Agent marketeur,commercial (débutant)
227;Technicien de maintenance avancé (software,hardware)
228;Développeur web HTML,CSS,javascript (junior)
229;Assistante juridique (débutante)
230;Assistant juridique (débutant)
231;Développeur web PHP (senior)
232;Analyste programmeur informatique
233;Secrétaire ou réceptionniste
234;Technicien informatique,réseau
235;Développeur net (senior)
236;Assistante chef de production,assistante juridique
237;Analyste  (assistante chef de projet),programmeur python (avancée)
238;Recherche stage en développement informatique
239;Assistante juridique,assistante ressources humaines
240;Responsable ressources humaines
241;Télé-enquêteur
242;Domaine juridique
243;Secrétaire,réceptionniste,téléconseiller 
244;Marketing,communication
245;Technicien de déploiement d'équipement de surveillance,technicien de maintenance logicielle
246;Chef de chantier (débutante)
247;Développeur PHP,java (débutant)
248;Technicien d'intervention (niveau 2)
249;Responsable logistique
250;Comptable,auditeur (débutant)
251;Télé enquêteur  francophone (débutante)
252;Télé enquêteur  francophone (débutante),assistante comptable (débutante)
253;Opérateur de saisie web
254;Développeur d'application informatique
255;Auditeur
256;Opérateur web, référencer
257;Technicien en informatique (réseaux), développeur d'application Windows (débutant)
258;Polyvalent
259;Électronicien ou informaticien 
260;Ingénieur système,réseaux, ingénieur télécommunication
261;Assistante de direction,secrétaire,caissière,...
262;Responsable logistique, magasin 
263;Responsable commercial, responsable marketing, 
264;Responsable de production, responsable commercial, responsable marketing
265;Administration  , transitaire ......
266;Chauffeur,coursier ou vendeur
267;Vendeuse ou caissière ou serveuse ou secrétaire
268;Agent de transit
269;Ingénieur en génie industriel, maintenance centrale hydroélectrique ou thermique
270;Commerciale,agent marketing,assistante de communication 
271;Commerciale,agent marketeur,assistante de communication 
272;Maintenance
273;Opérateur online
274;Assistant en communication,commercial
275;Transit,douanes, ressources humaines
276;Responsable logistique, responsable magasin 
277;Technicien .electromecanicien
278;Télé-enquêteur anglophone 
279;Génie logiciel,administration base de données 
280;Opérateur de saisie online,assistant administratif
281;Assistant logistique ou magasinier
282;Cuisinier ou autre
283;Vendeuse,caissière
284;Finance,assistant administratif,financier,auditeur,assistante comptable,contrôleur de gestion
285;Technicien électromécanicien
286;Directeur administratif,financier
287;Assistante comptable (débutante)
288;Responsable magasin ou logistique
289;Directeur administratif,financier,réf lab452
290;Domaine du transit
291;Commercial,assistant gestionnaire de stock
292;Assistante de direction,téléopératrice,rédactrice web
293;QHSE , HSE
294;Conducteur de travaux BTP, ingénieur d'études BTP (débutant)
295;Technicien installateur de caméra de surveillance 
296;Maintenancier logiciel (débutant)
299;Transit import,export
298;Commerciale,agent marketeur,assistante en communication 
300;Développeur PHP (junior) , testeur logiciel, intégrateur web
301;Cuisinier,réceptionniste
302;Développeur,informatique
303;Magasinier ou informaticien
304;Téléopérateur, agent commercial, 
305;Commerciale,responsable gestion de stock,responsable import export,responsable logistique
306;Commerciale,agent import export
307;Enseignement
308;Télécommunication téléopérateur télé enquêteur
309;Assistante de direction,secrétaire (débutante)
310;Technicien en informatique, commercial, assistant bancaire
311;Commercial,chauffeur livreur 
312;Développeur d'application web (débutant)
313;Responsable financier,administration
314;Agent commercial,  caissier, aide comptable, étude de marché
315;DRH , DAF
316;DAF
317; Domaine de la science sociale
318;Tertiaire
319;Domaine informatique
320; Domaine des sciences sociales
321; Anglophones bilingues, administrateur réseaux,maintenance informatique 
322;Téléconseillère 
323;Directeur d’école
324;Technicien en bâtiment
325;Directeur des ressources humaines , directeur administratif,financier
326;Cartographe, topographe
327;Infographiste PAO , metteur en page
328;Infographiste PAO , metteur en page.
329;Développeur Windev
330;Cartographe
331;Développeur Windev débutant
332;Responsable administration-ressources humaines
333;Téléconseillère ( débutante)
334;Rédacteur
335;Dessinateur autocad, ou emploi en BTP
336;BTP
337;Assistante administrative ou logistique débutante
338;Administration,commerciale
339;Administration,logistique
340;Téléopérateur service client anglophone
341;Ingénieur responsable de maintenance
342;Juriste, rédacteur,referenceur web , community manager
343;Ingénieur réseaux (débutant)
344;Études,travaux de chantier de BTP
345;Maintenance,réseau informatique
346;Technicien en informatique,réseau
347;Intégrateur web HTML,CSS ,développeur PHP mysql
348;Dessinateur dans le BTP
349;Domaine transit ou commerce
350;Administrateur système,réseaux, génie logiciel,base de donnée
351;Technicien de maintenance réseaux
352;Modérateur,opérateur espagnol
353;Technicien développement ,application
354;Infographie , PAO
355;PAOiste (débutant), opérateur de saisie
356;Responsable ressources humaines ou contrôleur de gestion
357;BTP, topographe, exploitation minier, forage
358;Stagiaire
359;Opérateur de saisie (débutant)
360;Infirmier généraliste ou ambulancier
361;Assistant technique
362;Dans le domaine de l'administration,RH
363;Logistique, gestion informatisée, responsable d'agence
364;Chauffeur , chauffeur camion citerne, chauffeur poids lourds
365;Qui correspond à mon profil
366;Téléopératrice,télévendeuse
367;Maintenance assemblage
368;Administrateur système,réseaux maintenance,technicien informatique
369;Logistique,transit
370;Technicien de maintenance matériel
371;Transit ou commerce 
372;Topographe
373;Administrateur réseaux avancé
374;Maintenancier, magasinier
375;Travaux de construction BTP
376;Commerciale ou marketeur
377;Ingénieur BTP
378;Opérateur de saisie, assistante administrative
379;Conseillère clientèle, commerciale
380;Ouverte à toute proposition
381;Modérateur web, opérateur saisie, responsable contrôle qualité
382;Assistante administrative, assistante comptable, assistante de direction
383;Administration,RH
384;Assistante polyvalentes
385;Administration,finance
386;Commercial, administratif, opérateur de saisie
387;Gestionnaire, administratif, assistant de direction, assistant comptable (débutant), 
388;N'importe emploi
389;designer,développeur,chef de projet
390;Comptabilité,contrôleur de gestion,administration
391;RH
392;Tout ce qui concerne le web
393;Gestion des ressources humaines, comptable, gestion,finance
394;Traducteur, ou rédacteur
395;Télévendeuse (débutante)
396;Référencement, socio-organisateur, infographie
397;Ressources humaines ou ONG humanitaires
398;Comptable, ressources humaines
399;Je cherche un emploi lié à l'agronomie
400;Magasinier ou gestionnaire de stock
401;Électrotechnique,informatique,autre
402;Ressources humaines ou ONG humanitaires(débutant)
403;Juriste débutant ,informatique de gestion
404;Standardiste
405;Enseignant
406;Développeur web (junior)
407;Technicien agricole
408;Peu importe
409;Responsable des ressources humaines
410;Électromécanicien
411;Assistante comptable. caissière. service clientèle
412;Électromécanicien
413;Commerciale, comptable
414;Téléopératrice,commerciale
415; Administration,commercial
416;Chef comptable, contrôleur interne, contrôleur de gestion
417;Chef d’équipe en électricité
418;Comptable, aide comptable, assistant comptable débutant
419;Java développeur
420;Responsable magasin,gestion de stock
421;Comptable, aide comptable, assistant comptable débutant
422;Administrateur système,réseaux maintenance
423;Téléopérateur service client anglophone
424;Modérateur, comptable, traducteur, transcripteur
425;Ressources humaines, comptable, responsable logistique
426;Téléopératrice (débutante)
427;Téléopération
428;Contrôleur de gestion, RAF, DAF, 
429;Assistante de santé
430;Développeur (débutante)
431;Technicien informatique, électrique,électronique 
432;Magasinier-opérateur de saisie
433;-	plombier,électricien 
434;Plombier,électricien 
435;Maintenance industrielle
436;Web
437;Technicien de maintenance informatique
438;Vacant
439;Informatique ( développement web ou Android , réseau,système)
440;Assistante administrative, assistante comptable, commerciale
441;Développeur web ou Android , administrateur réseau,système
442;Technicien électricité 
443;Responsable informatique,administrateur réseaux,système
444;Administrateur réseaux débutant
445;Administrateur réseau (débutant)
446;Suivi évaluation de projet
447;Gestion management
448;Administration, ressources humaines
449;Technicien télécoms
450;Administration,comptable,RH
451;Correcteur web
452;Administrateur réseau (débutant)
453;Gestionnaire, assistant, directeur, chef de projet,  coordinateur
454;Sociale, administration,commerciale
455;Glacier
456;Marketing,commercial
457;Commercial, secrétaire, réceptionniste, animatrice
458;Commerciale, secrétaire, réceptionniste, animatrice
459;Stagiaire développeur PHP,java
460;Responsable de maintenance, chef d'atelier
461;Industrielle, technico-commercial
462;Agronomie, environnement, foret, administration
463;Stagiaire,tourisme
464;Responsable import,export
465;Glacier, pâtissier,chauffeur
466;Secrétaire ou réceptionniste,caissière
467;Secrétaire, réceptionniste ou caissier 
468;, assistante de direction
469;De responsable de stock ou caissier ou agent administration
470;Direction
471;Déclarant en douanes
472;Toute catégorie
473;Tous les emplois tournant autour de la télécommunication
474;Dans la relation client 
475;Agent administratif
476;Animateur,superviseur
477;Responsable de stock ou caissier ou administration 
478;Communication,organisation
479;Magasinier ou gestionnaire de stock ou poste vacant
480;Secrétaire de direction , assistante
481;Comptable, ressources humaines,chef comptable,RAF,...
482; Administrateur système,réseaux maintenance débutant
483;Assistante comptable,caissière, assistante RH,commercial
484;Opérateur de saisie , rédactrice web, assistante comptable débutante
485;Modérateur web, opérateur saisie, responsable contrôle qualité à domicile
486;Assistanat,secrétariat, responsable d'approvisionnement
487;Télécommunication (offshore, data)
488;Technicien navale
489;Assistant,secrétariat, responsable d'approvisionnement
490;Gestion
491;RH,commercial,logistique
492;Technicien informatique
493;Dans la rédaction web, relation client, domaine culturel.
494;Service billetterie, service du tourisme stagiaire
495;Conseil en gestion, contrôle de gestion, direction
496;Toutes les offres d'emploi
497;Gestionnaire de stock,magasinier
498;Assistant administratif  ou logistique 
499;Rédacteur web français, responsable de production
500;Qui se rattache à la gestion
501;Domaine de gestion
502;Assistante administrative, juriste, secrétaire de direction
503;Commerciale
504;Tout les emplois dans le secteur tourisme
505;Administration  , transitaire 
506;Assistant administratif,financier
507;Juriste , consultante , travail en ligne à domicile
508;Téléprospecteurs français en BtoB (h,f)
509;Administration, RH, comptabilité
510;Secteur du tourisme
511;Téléprospecteurs français en BtoB
512;Agent de facturation 
513;Télécommunication, commerciale (débutante)
514;Stagiaire  dans le domaine de la gestion
515;Assistante juridique, ressources humaine
516;Gestion (débutant)
517;Téléopératrice, commerciale (débutante)
518;Formateur ou autres
519;Commerçant
520;Import -export
521;Télévendeurs
522;Conseiller clientèle, commerciale
523;Assistante de direction,secrétaire,chef de chantier
524;Secrétaire,assistante comptable , réceptionniste
525;Téléprospecteurs français en BtoB
526;Agent de facturation
527;Gestion clientèle, assistance, communication
528;Web designer (débutant) , infographiste (avancé)
529;Emploi au sein d'une association ou ONG
530;Consultant, qualité, association, ONG, offshore
531;Téléprospection 
532;Administration, logistique,achat
533;Superviseur , recruteur 
534;Caissier ou assistant comptable
535;Administrateur système,réseaux maintenance (senior)
536;Administration , assistant en ressources humaines
537;Consultant, téléopérateur, superviseur
538;Emploi en temps partiel dans la téléopérations,commercial (débutant)
539;Électricien, technicien de maintenance
540;Rédacteur web français, web designer, téléopérateur de vente, assistant commercial
541;Tout type
542;Technicien de maintenance industrielle
543;Téléprospecteurs français en BtoB , commercial (débutant)
544;Administrateur base de données (avancé) , administrateur réseaux (senior)
545;Coursier , rédaction web
546;Formateur
547;Directeur administrative , chef de service administratif
548;Secteur marketing, communication, audiovisuelle
549;Chef de projet, superviseur
550;Emploi dans le domaine du marketing ou commerce 
551;Administration , comptabilité , assistante administrative
552;Consultant,  association, ONG, offshore, gestion relation client
553;Téléopérateur en italien , téléopérateur anglophone , ONG 
554;Responsable de production service relation client
555;Énergie ou électricité
556;Technicien de maintenance industrielle (avancé)
557;Chef de projet , superviseur,service relation client,rédaction,commerce
558;Administration,commerce
559;Consultant, administration, assistante de direction, service relation client
560;Ressources humaines , téléopératrice (débutante)
561;Transit,douane, commerce,marketing, secrétaire, assistante
562;Agent d'accueil, gestion (management,finance), téléopératrice
563;Technicien informatique
564;Domaine de la communication
565;Informatique développeur , administrateur système,réseaux 
566;Offshore , agronomie
567;Commercial , télé-vendeur , télé-opérateur
568;Cuisinier ou chef cuisinier
569;Externalisation,offshore, droit
570;Externalisation,offshore , droit
571; Technicien informatique, infographiste, web designer, maintenance réseau
572;Téléopératrice,télévendeuse ou secrétaire standardiste
573;Mécanicien automobile
574;Comptable, aide comptable, assistant comptable 
575;Mécanicien automobile, opérateur de saisie, commercial.
576;Assistant comptable , assistant d'administration , opérateur  de saisie , commercial
577;Logistique, commerce des produits pétroliers,ses dérivés, technique
578;Superviseur , recruteur , téléopérateur
579;Assistante juridique (débutante), assistante administrative, juriste, secrétaire juridique
580;Assistante de direction, opératrice en ligne, assistante comptable, standardiste
581;Assistante de direction, secrétaire, accueil, standardiste, opératrice
582;Relation clientèle
583;Directeur commercial,marketing
584;Assistante de direction, commerciale, transit
585;Secrétaire,téléopérateur
586; Web designer, développement web (débutant)
587;Association ou ONG , réalisateur mission télévisé
588;Secrétaire,téléconseiller ,animatrice media
589;Aide comptable ou assistant marketing
590;Vendeuse ou animatrice ou commercial
591; Agronomie ,téléopérateur
592;Développeur java (débutant)
593;Commercial ou vendeuse ou animatrice
594;Enseignant , téléopérateur , rédacteur
595;Réparateur d'ordinateur , commercial
596;Chargé grand compte
597;Cuisinière , commerciale
598;Développeur web (senior)
599;Gestion, administration, marketing, coaching
600;Téléopératrice,télévendeuse ( débutante) ou secrétaire standardiste
601;Technicien de maintenance ( logiciel,matériel) 2ème niveau 
602;Ingénierie,commerce pétrolier , maintenance informatique , opérateur média
603;Directeur commercial , chef d'agence ( transit,logistique)
604;Chef comptable, ressources humaines
605;Technicien développement,application
606;Agent en logistique,transit
607;Assistante comptable,administrative , commerciale
608;Agent de transit import,export
609;Assistante administrative, commerciale
610;Superviseur web, assistante administrative,finance
611;Développeur web, développeur application mobile (senior)
612;Rédactrice web 
613;Emploi qui correspond a mon profil
614;Assistante administrative,financière , commerciale
615;Agent import -export
616;Assistante administrative,marketing , coaching
617;Téléopératrice,organisatrice événementielle
618;Assistante ressource humaine,financière, responsable logistique
619;Assistant comptable,administratif, commercial
620;Maintenance informatique, opérateur média
621;Agent relation client
622;Commerciale, téléopératrice (débutante)
623;Assistant comptable (débutant), magasinier
624;Secrétaire, caissière, responsable boutique
625;Commercial, marketing, communication
626;Assistante commerciale , agent d'accueil , formatrice
627;Modérateur web hispanophone, opérateur web hispanophone 
628;Modérateur web hispanophone,  interprète , traducteur hispanophone
629;Assistante  de direction
630;Assistante de direction , assistante juridique
631;Vendeuse ou commerciale
632;Agent de transit ou commerciale
633;Commerciale ou agent marketeur
634;Commerce,marketing, secrétaire, assistant
635;Ingénieur en génie chimique
636;Assistante administrative ou commerciale
637;Modérateur web hispanophone,  traducteur hispanophone
638;Responsable de maintenance,de production
639;Cadre de direction
640;Maintenance informatique
641;Testeur
642;Poste infirmière
643;Comptable ou assistant comptable 
644;Technicien en électronique,informatique industrielle (débutant)
645;Domaine informatique (maintenance informatique système sous Windows)
646;Maintenance informatique,
647;Infirmière
648;Technicien de maintenance informatique (débutant)
649;Responsable de production,commercial,technicien polyvalent
650;Agent de transit, agent logistique
651;Assistante administrative,financière, assistante commerciale
652;Technicien d'intervention pour un dépannage de réseau ou conseiller client
653;Assistante administrative germanophone, téléopératrice germanophone
654;Auditeur, comptable
655;Auditeur, comptable
656;Caissière ou secrétaire , projet  environnementale ou enquêtrice
657;Opérateur de saisi, dépanneur pc,maintenance informatique 
658;Conducteur machine, informaticien
659;Opérateur de saisi, maintenance informatique 
660;Formatrice
661;Agent en administration,finance
662;Commerciale ou opératrice de saisie
663;Chargé de clientèle ou responsable commercial
664;Commerciale ou assistante administrative,financière
665;Magasinier ou responsable maintenance
666;Secrétaire de direction ou enseignante
667;Assistante comptable 
668;Assistante comptable, caissière, ou assistante 
669;Responsable ou directeur 
670;Téléopérateur ou commercial (débutant)
671;Comptable ou gestionnaire de stock
672;Assistante de transit ou commerciale
673;Chargé de clientèle, réceptionniste,assistante de production
674;Chargé de clientèle,réceptionniste, assistante de production
675;Commercial. Coursier. Caissier.
676;Responsable sécurité
677;Comptable ou caissière
678;Technicien de maintenance logicielle (débutant)
679;Agent d'accueil
680;Assistante administrative,financière ou comptable
681;Logistique,comptable,chauffeur,n'importe
682;Responsable commercial, magasinier, agent administratif, assistant commercial
683;Agent d'accueil ou commerciale
684;Directeur de projet
685;Directeur d'hôtel
686;Relatif à mon profil
687;"Responsable relationnel d""activité"
688;Caissière ou secrétaire.
689;Chef comptable ou contrôleur interne
690;Commercial ou communication
691;Agent relation client ou responsable communication
692;Assistant import
693;Assistant transit
694;Sécurité, professeur d'anglais, téléopérateur, coordonnateur
695;Responsable de production ou qualité,chimiste,laborantin
696;Logistique,comptable,chauffeur
697;Responsable de maintenance ou responsable de production
698;Chef comptable, contrôleur interne.
699;Responsable commercial ou assistant commercial
700;Comptable ou assistante comptable 
701;Ressources humaines débutante
702;Commercial, hôtesse
703;Sécurité, professeur d'anglais, téléopérateur, coordonnateur
704;Contrôleur agricole
705;Poste à responsabilité
706;Domaine de l'agriculture ou environnement
707;Agent forfaitiste , agent de production
708;Secrétaire administrative
709;Comptable, gestionnaire de stocks, assistant en ressources humaines...
710;Caissière ou travailleuse sociale,environnementale
711;Administrateur système,réseaux (senior)
712;Conseiller clientèle ou commercial
713;Marketing,commerce international
714;Commerciale, hôtesse
715;Responsable relationnel d'activité
716;Domaine RH
717;Administration,ressources humaines
718;Administration,ressources humaines
719;Technicien systèmes électronique informatique
720;Responsable maintenance informatique (débutant)
721;Travailleur social ou téléopérateur (débutant)
722;Chef d'atelier mécanique
723;Développeur PHP
724;Superviseur de crédit ou analyste de crédit
725;Commercial ou assistant administratif,financier (débutant)
726;Directeur administratif,financier ou responsable administratif,financier
727;Comptable junior
728;Chargée de clientèle ou responsable commerciale
729;Chargé clientèle
730;Administration,management,commercial
731;Commerciale ou secrétaire
732;Assistant administratif ou assureur
733;Agriculteur ou agent environnemental
734;Commercial ou assistant de communication 
735;Tous ceux qui correspondent a mes études 
736;Responsable import,export,administration
737;Chauffeur ou coursier
738;Gestionnaire de stock ou magasinier
739;Chargé de recrutement
740;Livreur
741;Commercial ou assistant administratif,financier
742;Infirmière ou commerciale
743;Responsable sécurité ou agent de tourisme (guide)
744;Agent administratif ou commercial
745;Chauffeur livreur
746;Responsable financier
747;Responsable administratif,financier 
748;Secrétaire ou conseiller client ou caissier
749;Assistant,responsable de ressources humaines
750;Un chef d' atelier ,concepteur
751;Responsable import,export ou administration
752;Agent forfaitiste ou agent de production
753;Chargé clientèle ou caissière
754;Production,exploitation
755;Finances,administration ,logistique
756;Chargée de clientèle ou assistante RH ou comptable
757;Auditeur ou responsable communication
758;Opérateur de saisie, rédacteur web, assistant comptable débutant
759;Vendeuse commerciale
760;Cadre ou responsable
761;Vendeur
762;Commerciale,caissière
763;Opérateur de saisie (comptable ou autres), rédacteur web
764;Opérateur de saisie , rédacteur web
765;Informaticien, administration, technicien informatique,électronique
766;Logistique,chauffeur
767;Assistante RH ou comptable
768; Administration ,logistique
769;Technicien mécanique
770;Vendeuse, commercial
771;Consultant en informatique ou prestataire en informatique
772;Technicien informatique , administration système,réseaux
773;Opérateur de saisie,coursier,rédacteur web
774;(économie, sociale,environnement) relations internationales
775;PAOiste opérateur de saisie, dessinateur autocad, assistant cartographique
776;Statisticien, assistant administratif, assistant comptable, assistant chef de projet
777;Assistant chef de projet
778;Responsable des ressources humaines,responsable du personnel
779;Commercial ,  télé-opérateur
780;Commercial, responsable marketing
781;Opérateur de saisie, dessinateur 
782;Développeur PHP_ synphony 2
783;Technicien mécanique industrielle, maintenancier
784;Téléconseillère, assistante
785;Pâtissière 
786;Tout ce qui correspond à mon profil
787;Développeur PHP_ synphony 2, informaticien
788;Opératrice de saisie
789;Assistante de direction,secrétaire 
790;Dessinateur , directeur de projet BTP
791;Finances,administration logistique
792; Assistant administratif,assistant chef de projet
793;Référent qualité
794;Commercial,gouvernante
795;Opératrice de saisie, vendeuse
796;CDI
797;Technicien agricole ou de l'environnement
798;Contrôleur interne 
799;Responsable logistique & transite
800;Responsable de projet informatique, responsable de système d'information
801;Contrôleur interne , gestionnaire
802;Chauffeur livreurs
803;Tous
804;Chargée de recrutement
805;Technicien de maintenance logiciel avancé- technicien de maintenance informatique
806;Assistante administrative, secrétaire de direction
807;Technique industriel,production
808;Électromécanicien, technicien industrielle
809;Assistant projet
810;Secrétaire,caissière
811;Assistant comptable -assistant administration financier
812;Opérateur de saisie, online, OTD
813;Assistant comptable -assistant administratif financier
814;Commerçante
815;Responsable de  production,exploitation , responsable technique
816;Comptable , gestionnaire
817;Pâtissière,caissière
818;Assistante administrative,financière, assistante commerciale
819;Acheteur technique, comptable
820;Commerciale, gouvernante
821;Directeur de projet, juriste
822;Directeur commercial,marketing,responsable communication
823;Vendeuse -caissière
824;Département administratif financier contrôle
825;Comptable, contrôleur de gestion
826;Administration, textile, call center, ...
827;Poste commerciale
828;Tout ce qui concerne marketing,communication
829;Délégué médical
830;Poste d'encadrement
831;Responsable marketing,vente,pub
832;Animatrice radio,télé,événementielle
833;Hôtellerie
834;Assistant projet,consultant
835;Assistant chef de projet responsable de projet 
836;Environnement, aquaculture
837;Technicien en informatique,électronique,développeur
838;Technique industriel,production,technicien de maintenance
839;Caissière, gouvernante
840;Consultant, responsable marketing,communication
841;Responsable logistique & transit,conseiller juridique
842;Conducteur de travaux BTP- ingénieur d'études BTP 
843;Responsable logistique,transit,conseiller juridique
844;Chargée de recrutement,responsable ressources humaines
845;Chargé de recrutement,responsable ressources humaines
846;Conseiller clientèle -téléopérateur
847;Comptable junior,conseillère clientèle
848;Monteur vidéo,journaliste reporter d'images,traitement des donnés
849;Développeur PHP,administrateur système réseaux (débutant)
850;Secrétaire administrative,comptable
851;Commercial -agent de transit
852;Responsable logistique,responsable marketing
853;Sous chef boulanger
854; Responsable commercial itinéraire
855;Administration, téléopérateur
856; Responsable commercial
857;Responsable de production, commercial
858;Secrétaire administrative -commerciale
859; Responsable marketing,communication
860;Marketing,communication- commerciale
861;Bâtiment,travaux publics
862;Responsable marketing,communication, responsable de projet
863;Chargé clientèle- chargé d’accueil
864;Comptable-auditeur
865;Chef boulanger,responsable qualité
866;Poste d'ingénieur
867;Ingénieure de production- directeur de projet
868;Chef de projet- responsable de projet
869;Conseiller client
870;Assistant de direction
871;Téléopérateur, agent commercial
872;Ressources humaines- assistante administrative
873;Assistant administratif,contrôleur
874;Opératrice de saisie, opératrice de traitement de document
875;Vendeur ou magasinier
876;Secrétaire, assistante administrative
877;Administration,logistique- gestionnaire
878;Administrateur réseaux,testeur logiciel
879;Assistante administrative
880;Ingénieur de production- directeur de projet
881;Téléopérateur- vendeur
882;Développeur web,développeur PHP
883;Opérateur de saisie online,magasinière
884;Comptable,  analyse statistique
885;Comptable, responsable ressources humaines
886;À contrat CDI de préférence
887;Responsable business intelligence
888;Informatique , comptable 
889;Comptable ou responsable ressources humaines 
890;RH,commercial 
891;Responsable de production ou communication
892;Personnel administratif
893;Aide comptable ou assistante ressources humaines
894;Formateur ou autres, qualité , call center
895;Comptable, aide comptable, assistant comptable 
896;Superviseur, formateur
897;Informatique (cartographe,développeur)
898;Commercial, comptable
899;Responsable qualité
900;Télévendeuses
901;Administratif
902;Administratif
903;Formatrice  , téléopératrice 
904;Comptable, aide comptable
905;Comptable, auditeur interne, contrôleur de gestion...
906;Responsable d'une boulangerie,responsable qualité
907;En communication, ressources humaines, administration
908;Développeur web, mobile, programmeur java, javafx, PHP, ...
909;Mécanique auto
910;Communication, ressources humaines, administration
911;Service patron
912;PAOiste , opérateur de saisie
913;Tout emploi correspondant a mon profil
914;Développeur SIG senior
915;Assistante juridique 
916;Technicien polyvalent
917;Responsable vente en grands comptes
918;PAO
919;Chauffeur (privé, tourisme,..) ou livreur
920;Serveur
921;Communication, ressources humaines
922;Ressources humaines,superviseur
923;Livreur, électricien
924;Caissière , opérateurs de saisie , téléopératrice
925;Responsable vente 
926;Responsable des ventes 
927;Tout ce qui concerne la langue étrangère
928;Agent technique, informatique bureautique
929;Comptabilité, finance, informatique, gestion
930;Chauffeur livreur, commercial
931;Tous ce qui applique l'informatique
932;Opérateur web, saisie, rédacteur web, modérateur
933;Comptable, auditeur interne
934;Contrôleur de gestion, aide comptable, magasinier
935;Développeur c# (junior)
936;Responsable commercial, responsable marketing
937;Comptable, gestionnaire
938;Consultant, commercial
939;Assistant juridique 
940;Assistante, projet
941;Assistante administrative, assistante de direction
942;Assistant chargé de projets
943;Intégrateur de base de données
944;Contrôleur de gestion
945;Infographie
946;Financier
947;Saisie
948;Analyse statistique
949;Assistante administrative
950;Chef de projet
951;Infographiste PAO
952;Technicien en plomberie(senior)
953;Financière
954;Auditeur (débutant)
955;Transit import
956;Assistante ressources humaines
957;Export
958;Cuisinière
959;Pâtissier
960;Technicien de maintenance logiciel avancé
961;Événementiel
962;Logistique
963;Responsable de système d'information
964;Consultant
965;Électronique
966;Télé
967;Animateur
968;Réseaux
969;Guide touristique
970;Chargé de la comptabilité fournisseur
971;Assistant comptable (débutant)
972;Logistique
973;Contrôleur
974;Technicien en eaux  environnement
975;Chargée parc auto
976;Gestionnaire parc auto
977;Réseaux maintenance
978;Agent forfaitiste
979;Agent de transit import
980;Animatrice
981;Comptabilité
982;Informatique administrateur système
983;Assistant administratif
984;Intégrateur web
985;Management
986;Projet
987;Administrateur système réseaux
988;Téléopératrice
989;Concepteur
990;Ingénieur de procédé
991;Assistante administrative
992;Ressources humaines débutant
993;Secrétariat
994;Agent polyvalent. Administratif. secrétariat magasinier.
995;Caissier
996;Mobile
997;Administrateur système
998;Département juridique
999;Travail dans le domaine administration
1000;Banque
1001;Domaine administration d'entreprise
1002;Animatrice en sensibilisation social
1003;Responsable audit
1004;Responsable marketing
1005;Assistant marketing
1006;Commercial (débutant)
1007;Logistique débutante
1008;Référencer SEO
1009;Responsable gestion de stock
1010;Agent logistique
1011;Assistante de transit
1012;SIG ingénieur des mines
1013;Rédacteur web
1014;Gestionnaire
1015;Offres ajoutées qui répondent à mon profil
1016;Marchandiser
1017;Génie électrique
1018;Assistant ressources humaines
1019;Modérateur d'appel sortant
1020;Gestionnaire de stock
1021;Aide déclarant en douane
1022;Responsable import export
1023;Opératrice média
1024;Technicien de laboratoire
1025;Opérateur média
1026;Client
1027;Ingénieur électrique
1028;Intégrateur web HTML
1029;Environnementale
1030;Technicien industrielle
1031;Directeur commercial
1032;Superviseur en centre d'appel
1033;Superviseur en call center
1034;Assistante de direction hôtel
1035;Hôtellerie restauration
1036;Responsable commerciale
1037;Directeur
1038;Enquêteur francophone (débutante)
1039;Chargé de clientèle
1040;Maintenance électrotechnicien
1041;Enquêteur francophone
1042;Hôtesse
1043;Relecteurs
1044;Assistante marketing
1045;Accueil
1046;Agent de transit import export
1047;Bibliothécaire
1048;Opérateur de saisie (comptable)
1049;Modérateur web
1050;Commercial.
1051;Relation client
1069;Travailleur social
1053;Directeur administratif
1054;Responsable administratif financier
1055;Analyste financier
1056;Domaine des sciences sociales
1057;Technicien en électricité bâtiment
1058;Ingénieur informatique
1059;Monteur vidéo
1060;Gérant hôtel
1061;Finances
1062;Responsable approvisionnement
1063;Responsable administratif
1064;Transitaire
1065;Contrôleuse
1066;Superviseur
1067;Poste disponible
1068;Gestionnaire de magasin
1070;Développeur web HTML
1071;Ressources humaine
1072;Standardiste
1073;Transit
1074;Droit
1075;Responsable juridique
1076;Technicienne en informatique(hardware)
1077;Testeur logiciel
1078;Réseaux maintenance (senior)
1079;Community manager
1080;Réseaux (senior)
1081;Responsable opération portière
1082;Aquaculture
1083;Technicien biologiste
1084;Technicien laboratoire aquaculture
1085;Technicien biologiste aquaculture
1086;Traducteur
1087;Travailleuse sociale
1088;Responsable de maintenance
1089;Contrôleuse
1090;Réceptionniste
1091;Réceptionniste
1092;Directeur technique
1093;Responsable maintenance
1094;Commerciale (débutante)
1095;Magasinière
1096;Secrétaire administratif
1097;Ingénieur d'études BTP
1098;Enseignante
1099;Stagiaire en informatique
1100;Gouvernante d'hôtel
1101;Assistant en communication
1102;PAOiste
1103;Secrétaire comptable
1104;Gestion des ressources humaines
1105;Chef d’équipe agent de transit
1106;Responsable paie RH
1107;Assistante ressource humaine
1108;Chef comptable
1109;Responsable de  production
1110;Assistant qualité  hygiène
1111;Agent en administration
1112;Consultant en environnement
1113;Assistant trésorerie
1114;Commerce  marketing tout secteur
1115;Assistant en ressources humaines
1116;Femme de ménage
1117;Administrateur en système  réseau
1118;Agent de surveillance
1119;Responsable de paie
1120;Chargé d'étude
1121;Secrétaire standardiste
1122;Agent import export
1123;Agronomie
1124;Chauffeur (privé
1125;Agent commercial
1126;Chef d'équipe
1127;Dans la rédaction web
1128;Assistante en marketing
1129;Manager en BPO
1130;Téléopératrice germanophone
1131;Offshore
1132;Business analyste
1133;Responsable magasin
1134;Assistant administratif financier
1135;Assistant comptable
1136;Contrôleur interne.
1137;Opérateur pré presse
1138;ONG humanitaires(débutant)
1139;Pharmacologue
1140;Charge de projet
1141;Agent ticketing
1142;Agent de forfait de voyage
1143;Service billetterie
1144;Agent d'étude d'impact environnementaux
1145;Secrétaire (débutante)
1146;Muséologue
1147;Technicien de laboratoire chimique
1148;Stagiaire développeur PHP
1149;Billetterie
1150;Assistante qualité
1151;Maintenance électrique
1152;Charger de projet
1153;Technicien en électronique
1154;Chargé de projet
1155;Téléconseiller débutant
1156;Analyste  (assistante chef de projet)
1157;Superviseur des engins de la mine
1158;Chargée de clientèle
1159;Responsable de projet
1160;Assistante administrative financière
1161;Dirigeant de département
1162;Dirigeant de département
1163;Assistant administratif
1164;Responsable projet
1165;Superviseur environnementale
1166;Médecin assistant
1167;Commerce
1168;Technicien en technologie de l'environnement
1169;Responsable contrôle qualité
1170;Chargé d'étude de projets
1171;Coordinateur
1172;Laborantin
1173;Transcripteur
1174;Traducteur hispanophone
1175;Travail en ligne à domicile
1176;Géomaticien
1177;Consultant ERP
1178;Ingénieur d’études
1179;Réseaux maintenance débutant
1180;Rédactrice mail
1181;Administrateur réseau systèmes
1182;Téléconseiller
1183;Téléopérateur (débutant)
1184;Pharmacien
1185;Restauration
1186;Opération manager
1187;Les postes vacants correspond à mes profils bac+3
1188;Conducteur de travaux
1189;Agent de tourisme (guide)
1190;Gérante restaurant
1191;Responsable
1192;Agent du tourisme
1193;QHSE
1194;Administrateur réseaux (senior)
1195;Développeur  web
1196;Agent de crédit
1197;Administration logistique
1198;Maintenance industriel
1199;Secteur pêche
1200;Service relation client
1201;Juriste débutante
1202;Technicien en électronique analogique
1203;Opérateur on ligne free-lance
1204;Rédactrice free-lance
1205;ONG
1206;Technique industriel
1207;Opérateur de saisie online
1208;Responsable d'approvisionnement
1209;Agent environnemental
1210;Responsable logistique & transit
1211;Opérateur web polyvalent
1212;Technicien laboratoire chimique
1213;Aide gérant de cyber  gérant multi service
1214;Responsable administratif  financier
1215;Assistant logistique
1216;Chargé de clientèle back-office en centre d'appel
1217;Transport logistique
1218;Ouvert à toutes les propositions
1219;Assistante sociale au sein d'une entreprise
1220;Assistante sociale
1221;Paramédicaux
1222;Chargée de communication
1223;Électricien de maintenance industrielle
1224;Agent marketeur
1225;Assistante import
1226;Producteur
1227;Agent back-office
